  -15.0795983660092     
  -69.6432235957771     
   485.760464018892     
   310.745830883013     
   14.9864126081153     
  -507.319561138578     
   849.962283744967     
  -1504.37762968346     
  -943.555836946154     
   300.974203485070     
   94.1145178758980     
  -73.4595888933570     
   575.947600378255     
  -1220.24741663225     
  -847.034376073350     
  -112.667361143626     
   37.2501631364826     
  -532.414676351235     
   752.358685754531     
   1600.78114462383     
   1088.46516802513     
  -628.406213642513     
   1415.90247426828     
   738.510592444852     
  -459.410910084996     
   936.221022817234     
  -1050.86087053532     
   490.420136740367     
  -1627.16668300200     
   216.509275544371     
   318.980100629359     
   777.129209309099     
  -1497.71437023597     
  -8473.61527351815     
   1531.03384590932     
   5689.10495539791     
  -763.642874781736     
  -2634.87684326504     
  -389.575706970300     
   4541.58306998581     
   2723.43621271131     
   2045.50375167662     
   495.155007502493     
  -685.215203681760     
   69.6795019793053     
  -1225.67092045592     
   1743.64852594171     
   1733.43159035409     
  -480.575398904037     
  -2106.36722393008     
   1765.93023129250     
   1869.77871260086     
  -489.812671227573     
  -364.998343830087     
   1711.16829420876     
   2222.44640010662     
  -223.535651537983     
  -134.938820200352     
   1091.92237456954     
   944.185093980737     
  -887.985944240123     
   2391.01493470683     
   3276.47383146748     
  -576.418421961498     
   1427.26764691217     
   7293.84671473798     
  -2254.55998406722     
  -4837.70607644456     
   17.5553819316468     
   2581.84275600660     
  -1140.41174505483     
  -2471.03541683656     
  -259.931563191247     
   410.609824256267     
  -223.692965554412     
  -4427.63431290520     
   844.302876406215     
  -4791.81212248546     
   409.810730836106     
  -3586.62739632498     
  -5147.26663380154     
  -436.477040358722     
   3425.05389478956     
  -106.549084855900     
  -438.230574545917     
   4053.40203087773     
  -3485.11315497797     
  -1887.78159219530     
  -497.264804623620     
   844.339449640561     
  -1502.65512922485     
  -1742.77624978094     
  -1784.04792090389     
   365.051642469018     
  -3115.35104372389     
  -2543.63626499023     
   1516.16751669621     
  -2054.76161327214     
  -728.267724160053     
   208.362469782702     
   2523.00915478035     
   871.660151706018     
   1924.40083660297     
   3987.59866516343     
  -4184.50345179842     
  -1843.04863336068     
   1879.52830271583     
  -1786.25879509783     
  -3648.34949325938     
   4468.30169848584     
  -2020.43853283981     
   1317.19688530569     
  -3057.26700885766     
   487.873649031515     
   4078.61054817125     
  -952.449119684417     
  -2114.04018303415     
  -361.862657651517     
  -914.100259245892     
   4130.97892061529     
  -465.750704926100     
  -364.560544541769     
   513.931659309586     
  -509.467504172044     
   110.408455450573     
   1272.03228525350     
   439.312192716621     
  -537.454571710307     
  -556.473628937844     
  -3419.46503702563     
   1516.35096343965     
  -6477.65093585558     
   2304.82067608013     
  -2706.71394365483     
   2327.70997302396     
   1325.98295010368     
   203.293186317567     
   2367.63903525435     
   142.481787269827     
  -2475.81494836325     
   2483.49240668960     
  -533.571158701776     
  -754.389534829157     
  -2504.12699531231     
   1151.17152561512     
   2972.04961131338     
  -1272.32547876972     
  -1651.48420278699     
  -3416.07043412977     
   7670.57139079873     
   12782.0188582935     
  -1504.26551882799     
  -7114.71033156458     
   3707.71542381234     
   3705.97185261288     
  -2425.12054739177     
   8427.84502300758     
  -1601.42714822514     
   753.106555205673     
  -8764.12745480830     
  -1910.90108333114     
   1669.03101662434     
   2245.59134712984     
   1015.70068934469     
  -4875.03339836721     
  -282.653214709790     
   2954.71908728248     
  -2195.69873350919     
  -6948.84333931886     
  -5827.47802811371     
  -5416.77472803577     
  -338.783552999070     
   1169.87461084489     
   2808.52335550905     
   3381.75954576852     
   2738.03939798723     
   6371.69757009371     
   645.736122779928     
  -5223.73433693725     
   630.712559494893     
   329.052857391621     
   694.174829603319     
  -2912.99037069981     
  -10919.5885546366     
   8303.53966953657     
   4881.43520297193     
   9716.43207653263     
  -4428.69356702703     
   3226.28798360458     
  -6468.05009486086     
  -6095.17960197182     
  -617.814032760558     
   1966.13575845666     
   2750.05146377977     
  -1718.62175557105     
   1828.89651673052     
  -2736.83852180864     
  -170.363913820682     
  -4993.51808330196     
   86.9344600090963     
  -3083.88475942583     
   272.969137937612     
   3932.35779147339     
   487.537993239507     
  -4396.50310995046     
   4124.64606119321     
   6329.47568509732     
  -5739.66299586709     
  -4565.17699539180     
   487.465002797379     
  -7099.52813589515     
  -854.796842132050     
   7230.56180014651     
  -2848.58397136087     
  -4029.25020600188     
  -4116.71631810913     
   3490.17738281353     
  -1838.56807572835     
  -1606.65710000210     
  -4087.81127238911     
   2309.01301282327     
  -6081.50233716334     
  -1580.55015380722     
   4503.40932039581     
  -14541.8817844590     
  -2566.07602613597     
   12780.6869567294     
   2291.19177663926     
  -6412.41634363266     
  -1984.37765065245     
   1684.95054071295     
   4728.52349400869     
   2597.95350677714     
  -2094.99246266877     
  -2351.99379682838     
  -5952.78759411858     
   476.179680746757     
   178.670628317676     
   6467.58165124470     
   192.791799372920     
   3946.02170380492     
   3858.75080729807     
  -785.997564242115     
  -5203.91744750450     
  -444.597943247710     
   8207.75485606086     
  -1615.89243791919     
  -1359.09137057119     
   1331.64595534332     
  -1365.51690570656     
  -2849.11720144625     
  -12803.7509649566     
  -17995.8401357332     
  -134.289930344420     
   13271.0476141443     
   2524.70960479517     
  -10317.3468704491     
   2309.30813517917     
  -155.360379214995     
  -1020.88562284339     
  -2784.16702137500     
  -1590.03269626294     
   3816.16192524446     
   1018.68228463661     
   893.770889424394     
  -5320.11659895345     
   1629.69299030204     
   2407.17705437955     
   11093.6268856768     
   582.724287050570     
  -12093.3205105576     
  -2513.74109118468     
   5451.82501354799     
  -930.781263475506     
   2001.66759605337     
   6297.73818200735     
   5690.40660668571     
   3020.99574316215     
  -3342.73503154276     
   127.749106160395     
   7267.70080751575     
  -4733.25000182894     
  -7191.12992978156     
   524.093170921478     
   5582.39310479462     
  -5205.08839943269     
   3978.63859164729     
   2330.71513870701     
   1986.17853860313     
   4301.71256694603     
   1219.23942537071     
   8293.06722958119     
  -2627.09087093073     
   5754.16577154856     
  -5749.37523579383     
   9472.04949048782     
   1530.71506064121     
   656.580114612423     
   3465.93332704527     
  -3467.75467655851     
   3381.08939216063     
   2703.70195519600     
  -1237.20118643697     
  -1006.92773072277     
  -2029.02238932162     
   1425.23253392664     
   1040.87965134551     
   2603.66842757176     
  -2193.20403811358     
  -2242.86109391905     
   3433.90050182260     
   7623.63251231270     
   3801.83390439155     
   761.631547706437     
   1323.51910384355     
   3399.25870717861     
   3882.13042398908     
  -1308.65163800483     
  -2560.56533124619     
   5752.44474321072     
   8093.30288960479     
   948.449323455569     
  -3566.14525313096     
  -4013.01825650655     
   796.333026639230     
  -1401.41741755060     
  -4347.87415628347     
  -3726.61894004218     
   1606.90148604138     
   1868.66096517730     
  -3947.15146160503     
  -3488.89225937492     
   499.045498536501     
   15751.5700295944     
  -1004.77794037584     
   9354.47446868854     
  -3813.67701078144     
  -1935.75720754387     
  -6785.65633135873     
  -4068.85052889758     
   403.357219220625     
   11312.6012710642     
   8276.66643260761     
  -1752.83179039534     
  -5784.97378678875     
   4367.18180318505     
   3473.85078183375     
  -1784.42605841370     
  -4800.01879021816     
  -5379.43647374283     
  -6906.52465891253     
  -541.413228393870     
   63.0541544847674     
  -7894.35785886504     
  -6937.13300086608     
   111.995898791027     
  -6323.69232990991     
  -2940.22058045707     
   577.765253647372     
  -1636.96761330692     
  -1985.48854979234     
  -958.206282797768     
   7137.74480141478     
   27701.3276837914     
  -903.954367733636     
   1204.06887056157     
  -2075.08423198580     
  -2902.03446629866     
   8714.71463704090     
   15334.7113092049     
   4286.71435177051     
  -7005.60260427486     
  -1266.64751193504     
  -2852.04302513331     
  -2365.39197236365     
  -1092.28185641868     
  -3337.88557346252     
   1808.79222310009     
   5649.44983058670     
  -2470.52079592837     
   5545.73073596310     
   3273.39828491947     
  -1989.29328170640     
   204.674536290779     
   1520.66367316543     
   2392.11237772326     
  -1610.63560296280     
   203.522004349242     
   6390.89235320076     
  -4687.20339365271     
   1791.27470123291     
   19735.9564388158     
   5362.61254929474     
   4913.16721864705     
   3655.80417729922     
   1732.05083922901     
  -14561.3663609685     
   1315.63592160546     
  -4732.96550287866     
  -25.8470582158125     
   4898.01402666272     
  -9379.17813208363     
   434.879554484512     
  -4361.26558058694     
   5312.30148513940     
  -2594.37112241756     
   13537.8572705184     
  -988.189772052227     
  -10599.3303852263     
   590.264852892019     
   4685.92146218866     
  -6903.79030176486     
  -3257.33445886853     
  -486.332216540520     
   904.580825036696     
  -6543.13693560481     
   388.616652632469     
   6050.55345740038     
   507.638364833891     
  -1804.41566781168     
  -5469.54480257379     
  -3170.42964864594     
   2515.61902239764     
   1742.68673956589     
   1121.67180785012     
  -7163.44674973456     
  -438.058906003859     
  -4719.10728012677     
   6120.77860460078     
  -3242.05626013094     
   1883.45753499742     
   6063.34827216271     
   1163.67636549654     
  -2663.69877489186     
   2176.51598783566     
  -5039.61381454540     
  -6826.68869447987     
   150.583519733143     
   2299.31818853419     
  -1956.13477624877     
   1539.02834675577     
   2307.54455710933     
  -10834.1855135999     
  -178.722818104578     
  -753.163852491492     
  -5866.23054196716     
  -924.897278511828     
  -4095.31610082201     
  -165.114841764629     
   3037.78662056930     
  -530.296649090288     
  -3106.31211845704     
  -2419.86316970213     
   2086.99884281378     
  -792.201141417851     
  -320.745904705025     
  -4258.88845922642     
  -316.144453637751     
   568.482979543984     
  -613.302883686186     
  -513.738609483212     
  -2935.83793230841     
   3324.57344400958     
   636.223306835972     
  -2794.83135977810     
   2584.44152379830     
  -1300.26929842815     
  -3134.43767861654     
  -1699.43692850577     
  -397.004939407400     
   2003.90919810615     
   788.905658328519     
  -3345.19388601519     
   6938.44841335417     
   950.352472141854     
  -2873.12674918004     
  -845.966914427262     
   6073.23193116739     
   451.109362753254     
   930.724002706164     
  -6364.61533401480     
   7772.15810800806     
  -3113.58526200982     
   4164.31100665078     
   8984.31974185109     
  -793.344511770836     
  -4280.24244656168     
   1996.32292457535     
  -2380.20911854184     
   2718.54640711495     
  -3213.92970200703     
   1969.08599507428     
   2066.69454804321     
   2978.24902685065     
   6090.57603631782     
   1276.28468365932     
  -1582.26710687294     
   3595.01058484768     
  -688.750709634789     
   5636.78596662730     
   5347.18130830748     
   18358.1256433577     
  -841.608368819915     
   5376.17030371099     
  -5948.64942222907     
   2205.73169351539     
   11863.3661763717     
  -797.546550351039     
  -6254.47154497164     
  -547.249595159088     
   1503.72514108081     
  -4350.84772184995     
   4313.49784415190     
  -1807.75374070420     
   10505.6428862695     
  -2820.03129228237     
   3262.82757197600     
  -1511.62724524125     
  -1979.66199059312     
  -3871.47082623213     
   2700.80239298079     
   1293.22913949893     
   13.2240181786765     
  -2387.79352713259     
  -777.111929378481     
  -5564.47243726192     
   4541.80962820081     
  -1036.84700016527     
   2783.76879248566     
  -1843.69769109107     
  -5041.30070459458     
   492.101841497409     
  -2361.63465846488     
   7608.70620114752     
   1058.87566938084     
   3284.41968335077     
  -2102.60085817235     
  -3811.01311322246     
  -2878.72318294635     
   6994.04372026333     
   10253.3437476182     
  -1074.19960589077     
  -5440.11209067986     
   5326.03614751473     
  -4218.58523626708     
   1011.53360453517     
  -66.5406894046396     
  -155.447137979462     
  -3606.55666243768     
   3742.54204697120     
   4388.10675050425     
   3062.02622836486     
   3579.26456642409     
   4266.23988675226     
   994.784179713875     
  -3776.01612766057     
  -1920.52535917983     
  -3323.84343569876     
   576.247229955397     
  -1188.22894760599     
   1057.78564521354     
  -3347.19640243438     
  -2584.79131468229     
  -5150.44052541244     
   1535.39710080035     
  -5425.24088453808     
  -390.731242748260     
  -4066.51416274874     
   7461.36245502959     
  -3193.63931342239     
   1840.48255177928     
  -1875.83287193795     
   6487.64133469235     
   3154.56297523967     
  -3111.59242470226     
   4780.05384373694     
   44.0445680364137     
   13473.1754435135     
   2036.15111240890     
   3954.58375804695     
   3683.50082762878     
  -12115.4500626504     
  -2180.92352653097     
  -4615.68559770395     
   797.444057746485     
  -1769.44564298718     
   3235.67611206067     
   361.419283513426     
   6449.00430966563     
   15682.2051081187     
   799.701051655283     
   4574.84834424410     
   10670.6755576554     
  -4075.95210775988     
   272.132870912174     
   3195.16920662079     
   3540.30392647811     
  -1439.04747297340     
   4853.37550803380     
  -7567.70904074936     
   97.5318372010920     
   4698.44787654176     
  -1894.44099797819     
  -1038.88568525241     
  -7021.11633230910     
   1701.38179386114     
   1729.09900137471     
  -3373.51929714651     
   442.104534650522     
  -1181.74913587769     
  -567.113429167320     
  -4827.00861513194     
  -610.922567236480     
   1755.55614166323     
   5017.26687745293     
   633.877153678685     
  -1720.61703680541     
   2253.77589738882     
  -32.4636498859095     
   1287.29017378811     
   2041.61720692560     
   2972.42833634734     
   5661.88007195853     
  -5147.80159664015     
   6089.72722861733     
  -3482.90637692725     
   2230.17989544399     
  -4109.37205845850     
  -3990.95288621818     
  -1743.10966980854     
  -14741.3526758603     
   51.8738219371216     
   4302.29673651340     
   10284.9691152152     
   1828.21653999492     
   4041.78194547228     
  -1652.73602809734     
   9317.75716600910     
   4809.37884762730     
   418.860770919135     
   7130.45559905795     
   1460.32380698677     
  -2219.01693770660     
  -700.381548125405     
   12690.5335849475     
   780.142788285971     
  -1505.70999953372     
   2437.50749160065     
   1778.54738112950     
   5246.52615867133     
   18396.9859627004     
   13748.8457276938     
  -15028.5316284923     
  -14798.5422079231     
   31233.5233329389     
  -2939.53091846970     
  -6369.14342213935     
  -4879.87006104790     
   442.136787086130     
  -1369.30026498647     
   1370.78002987771     
  -10598.2451098964     
   15920.2339385033     
   10104.7752846481     
  -1267.36666143157     
  -1612.85679490931     
  -465.026452231013     
   5818.55486998673     
   373.109395368561     
  -1177.97947695433     
  -4113.88050371867     
   6789.18548127207     
  -14038.3690626668     
  -8377.78621473032     
   1036.34512375838     
   7713.88654674853     
  -818.388773507610     
   1004.08365987956     
  -8808.38098108406     
  -2040.94826270554     
  -1299.57573474141     
   8803.89273810832     
   22779.4820634439     
   11117.6810606002     
   9517.53765556799     
  -8570.64213919013     
  -3065.89776372108     
  -2197.90349851783     
  -3979.35450570600     
   41.6439470245639     
  -2291.96733823529     
   6382.16453145659     
  -13088.5307765067     
   7020.06276214842     
  -4254.68154598454     
  -5982.36349763443     
  -3630.42204320513     
   5049.18643246411     
  -3504.10426311994     
  -125.495124829892     
  -9644.12408706733     
  -831.132323384639     
   10508.6488636565     
   4517.74034123049     
  -5169.82997692703     
  -8249.07129055325     
   2312.57678683425     
   1107.26814021620     
   327.069433678525     
  -12195.8856039757     
   271.762451821553     
  -7008.44443671683     
   350.600741739225     
  -7051.75737668078     
  -4163.00394951065     
   2250.04812353886     
   5765.13535912649     
  -8447.77126611923     
   2622.34593929814     
  -10414.6484729427     
   5580.48004550917     
  -1086.32917821541     
  -2350.58361364855     
  -8240.73231313583     
  -6178.85340026326     
  -3052.83891490097     
  -1099.40783689952     
   257.765385296020     
   3475.66587974042     
   5442.42566616402     
   1225.04603897904     
   60.8040029799008     
  -1290.08686909643     
  -5602.00828034031     
  -3560.68191996930     
   8523.81682476882     
   7278.26101746337     
   11480.6416062839     
   1963.41277624909     
  -6249.27317995242     
  -674.651516098631     
  -7031.16754030667     
   14207.4882898083     
  -8209.84598728975     
  -2860.77752407069     
   292.783089448308     
   5158.79412030655     
   25695.0894349175     
  -8388.82134150017     
   5091.46601825357     
   28.5107215293065     
   4165.95425949639     
   5258.78893523702     
  -2704.46900024812     
   738.259132962476     
  -10053.1316492506     
  -2122.59273342562     
   13743.3613316254     
  -283.312871423728     
  -1312.34469169635     
  -1481.38071952199     
   10821.7147268530     
  -8078.51929727440     
  -1444.69203434023     
  -4779.85183527863     
   11831.1010642589     
   5589.22690562367     
   3583.06836937022     
   3754.86547516086     
   879.019716334871     
  -7440.18708806995     
   10108.6640428548     
   744.134875559860     
  -828.588376390181     
  -7857.18328542701     
  -2427.36911499173     
  -3073.76287278434     
   11683.9302382992     
   25328.9031750048     
   1534.34741383616     
   8915.79593738483     
  -4134.65199698909     
   126.919381414340     
   1539.81986554670     
   9628.36677954039     
   3173.05104060982     
   39.1683523421634     
  -6314.10240304668     
   27025.0596380141     
   6128.39064641227     
  -3239.94941987667     
  -13981.2835416481     
   9069.88512974281     
   75.3789920015579     
   10681.9711721100     
   3867.67984857666     
   13122.3839720803     
   1729.33851344966     
  -7617.31316845627     
  -15447.6432092982     
   1890.06253352738     
   5534.04303814114     
   10401.9514624213     
  -4966.90000597988     
  -7136.96659314732     
   1977.06728910642     
  -3673.21665918830     
  -3122.06473439150     
  -2706.74402907847     
   1423.15023847940     
   1681.84472372766     
  -1693.26716755846     
   8647.77908843010     
   6329.86002863969     
   6876.25449772135     
  -15650.0686724058     
   2208.32001783365     
  -7435.82473267230     
   1670.23923644941     
   14837.2773944737     
   4240.99306566472     
  -5117.30714247576     
  -11960.9393422251     
  -6393.42338537278     
   7218.19694648555     
   1420.32088708059     
  -5730.39708862119     
  -8952.76087651804     
   16396.4591920311     
   4346.45799268483     
  -7976.03109022609     
   11956.5720733538     
  -5484.70321251066     
   5576.74506403606     
   2508.84390720929     
   1501.08206664889     
   7143.35713243548     
  -3007.61493837069     
   3010.19140820248     
   1151.69012430750     
  -2619.31940377291     
   12672.8814403332     
   765.708631216468     
   11977.0230616589     
  -2451.16130456163     
  -5027.62804232969     
   834.441460024786     
   4727.19441649952     
  -836.371597457259     
  -6959.16225969222     
  -2282.44017875812     
   3387.38112035874     
  -219.299010362790     
  -489.113978223264     
   193.612783714449     
   11214.9737415744     
   8853.23866587580     
   170.410710685888     
  -3170.43465920117     
   3956.02753514276     
   5276.18760596825     
   14363.3122930953     
  -9092.67542981304     
   12153.9005241851     
   6011.02133419329     
  -450.254808982665     
   9513.21132944341     
   9604.87342282461     
   9565.90638560008     
  -1986.00196142376     
  -4432.71636369860     
  -1937.44387175995     
   61.3809993955674     
  -15002.2857772830     
  -18600.0794453953     
   5229.68428275705     
   10361.7196023576     
  -867.724964681934     
  -13765.7164760315     
  -2122.26138445094     
   4641.34739738309     
  -5967.98666126812     
  -3455.16135080336     
   1005.75210194388     
   644.430418706381     
   2956.60424817319     
   3960.68720252055     
  -12590.0217706466     
   226.953999457325     
   11545.2801568282     
   2152.51009387607     
   10377.2695681385     
  -2157.40554401378     
  -3110.76261414767     
   2642.43340140641     
   1831.40786835600     
   2078.14417830141     
  -2813.25260098945     
  -2449.54819506022     
   582.923801738845     
   3939.07168180878     
  -5376.70992848424     
   6092.52229166607     
   6452.84211191422     
   6365.87187522993     
  -7456.02815010706     
  -2530.91907917476     
  -16611.5802414966     
  -259.808572619950     
  -863.106384432577     
   1301.76062458742     
   1219.59343133488     
   4866.86516233012     
   2109.42791386484     
  -11075.5387174226     
  -4475.46378079921     
   6516.58985152480     
  -3999.19843749494     
  -1274.23685350503     
  -7163.35237346895     
  -568.446439220908     
   14608.0944152168     
   16396.6914614268     
   3796.52777565034     
   4019.52865165492     
  -12013.8347368035     
  -11709.2631214515     
  -3745.34334770147     
  -14114.2133345802     
  -13492.8132444378     
   9064.50190788993     
  -16006.8473014707     
  -6165.91598155891     
   8919.10338296711     
   6138.12091275096     
  -2197.67771500085     
  -12830.5820638035     
   1402.32712768187     
   1757.38054004868     
   3589.68708165788     
   12692.2289396603     
   3331.86090029067     
  -139.801951699960     
   1844.61628863474     
  -6657.06112317744     
  -4761.95575865541     
  -4691.68348191636     
   7671.37296983997     
  -899.192223119088     
   2892.00883077658     
  -3886.63208555532     
  -3049.20326531465     
  -5559.43501753758     
   2940.76848545471     
   469.651156850741     
  -2123.44408022451     
   549.576867758231     
   2803.85678618140     
   3063.45754071637     
   6333.83381952582     
  -6675.23171401764     
  -1365.08451667857     
   1328.70317600130     
  -4575.20584262453     
  -7236.71527833035     
   4808.03072323974     
  -13534.4538387182     
   8659.92638051221     
  -4936.84198375289     
   3443.15717060417     
  -14429.7322883223     
   13664.7887227455     
  -2887.52820030590     
  -5204.27157372336     
  -2182.37062670482     
  -13814.6411164919     
   6625.48237748387     
   5866.42828327790     
  -6048.73397011804     
   573.020811965782     
  -1947.99923132810     
   75.7619570938743     
   1823.18791485052     
  -4811.67646150058     
  -3087.77651475287     
   19158.9093347826     
   14923.4946364653     
  -12549.3808242202     
  -18174.9413554138     
   8460.58803708888     
  -4224.06485090342     
  -10520.7786492255     
   8406.66500705836     
  -17651.2799520922     
  -3338.10044811011     
  -5041.23129372397     
   7932.10196681528     
   3208.24406353536     
   20833.8547411910     
  -2226.76120408472     
   4141.03394528306     
  -687.043062653002     
   357.230421704167     
   3765.99277741886     
   3684.03833303140     
   3007.04959606743     
   487.220628105129     
  -5079.11622956241     
  -13456.3805781093     
  -6067.62309258923     
   13733.3874208162     
   1852.67986627127     
   1091.87993529319     
  -1500.15744590457     
   5141.49013957219     
   3.84196196099037     
  -3434.35020796962     
  -4935.77832561147     
   1272.12548288803     
  -4964.49545631083     
   1766.07514348900     
   3229.64935342821     
  -6187.88999625391     
  -210.680766746243     
   3281.78610482597     
   7517.27669811736     
   764.515575388933     
  -14.6912760449586     
  -2256.55071353956     
  -336.731731640827     
   9396.00231996366     
   4925.69712266001     
  -17427.9891421423     
   112.543247260943     
   6493.92279346208     
   3585.55066957146     
   9115.50128746316     
  -13772.0605749318     
  -2480.82662839536     
   5201.59624243425     
  -1720.79118357620     
   1860.75663588447     
   588.292685626371     
   1586.32654744563     
   1374.89917364585     
  -4599.96021464936     
  -5726.77986387358     
  -4239.28461963967     
  -6894.00688055228     
  -918.632608453303     
  -504.143910925209     
  -3602.57928547021     
   3039.38992874269     
   11677.3791894281     
  -4618.70294113022     
  -12393.0509505680     
  -13151.2958477779     
   3817.85339762576     
   1954.00883945756     
   8101.32512145093     
  -6973.38703948182     
   611.695068338033     
  -2449.49804344091     
  -6784.99164165817     
  -3039.66032270229     
   5517.92999221722     
  -318.170955337130     
   2556.52284451198     
  -3454.55450748497     
  -4533.33361109432     
  -7584.60347055020     
  -6794.01940860490     
  -2675.88890513599     
   483.136782419760     
   2896.24409184344     
  -8359.37152999396     
   10600.7578631940     
  -1280.48103082589     
  -12600.4561603888     
   5826.77475869709     
  -2966.47288556088     
   473.799310101293     
  -10437.0391352075     
   1935.65063695988     
  -1511.99362618772     
  -13914.0612776358     
  -3541.83218983801     
   173.017379626600     
   4116.17596722262     
  -4013.22310216135     
  -10178.8864753775     
  -3482.71178655664     
  -9450.68679532907     
  -13076.0896432301     
  -4730.45641225116     
  -12945.5038932508     
   1909.36895121116     
   7211.21287000011     
  -8528.28878412726     
   6681.73550807084     
   7497.61155359230     
   3104.13010382818     
  -604.186774443162     
  -1631.60382573609     
  -950.081381714088     
  -1482.90250138141     
   7369.78819774757     
  -1794.82464658839     
  -14665.8780213848     
  -14145.3066182293     
   1012.35818643157     
   9603.36840947588     
  -9726.51151690440     
  -7658.74867873934     
  -12576.1146506635     
   3515.33166340156     
   16280.6527466062     
   18536.5500221277     
   11779.2616342908     
   6260.41124664066     
  -1320.19168876192     
   14023.6786613104     
  -4616.07108395204     
  -1945.61253755047     
  -4980.58201836546     
   193.831428424378     
   132.436893883706     
  -5608.80210455377     
   7088.13158452281     
   6823.92831078711     
  -4193.07562422067     
   8948.56429430845     
  -3654.86477053581     
  -16722.6343215473     
   569.847957579044     
   6393.88730540001     
   2125.39342130067     
   1908.08409038643     
  -8295.35767506245     
   772.175075415108     
   16642.8900721491     
  -6842.54173583448     
  -5397.50708741327     
   12867.8729147476     
   4248.49496159291     
   9095.95816938315     
   3629.87704719164     
   2542.94744023397     
   315.500077937638     
  -3632.61815497974     
  -614.672364252186     
  -6034.45796280763     
   200.005692599458     
   6509.09290382227     
   7445.56908324536     
   823.569797667781     
  -1847.72241247552     
   11947.7751340384     
  -495.241318444543     
   8516.82024651209     
   1406.05150137073     
  -6562.24003711075     
  -5286.46935406146     
  -4001.10245435235     
  -13895.6469830593     
  -23240.9839032738     
   2173.54876140402     
  -10317.0986510572     
   521.972391443853     
  -14214.7640223209     
  -5851.84463444730     
  -1124.75603014908     
   3916.09767410618     
  -2144.55463641405     
  -771.930735884132     
   8778.62181425685     
  -2292.18338720012     
   10792.7554558382     
  -16775.3693686132     
  -5886.51256734214     
  -12024.9555414982     
  -20071.4554018540     
  -3173.49589404705     
   13609.8332210762     
  -6472.99844621501     
   18021.4662643003     
   726.289653111615     
   5406.53131040943     
  -11772.8930168700     
   2217.33480010970     
   13968.0767178102     
   17882.8467791102     
  -2767.51568850073     
   8970.80439924747     
   2253.66382507498     
   2538.11385748578     
  -12454.9684884115     
  -7355.14039047925     
   304.094069916124     
  -18977.5453112051     
  -6137.55126724509     
  -2730.32008445068     
   5108.57115182838     
   10520.9427689066     
  -1919.54849479551     
  -4607.90740442273     
  -4764.59450947016     
  -370.561334635894     
  -2200.67812061684     
   6706.19359333628     
   2108.24089069808     
  -1968.11924511928     
  -6825.70516743066     
  -7902.37240162279     
  -14490.1619246525     
   3824.67224988859     
  -3948.91961695396     
   16275.2338396127     
  -2381.79074071785     
   5206.28914049299     
   18508.8557993149     
  -6169.22006097682     
   9785.05935288419     
  -17521.1708170976     
  -13701.2371925808     
  -6109.37381485712     
   11640.4227787591     
  -6665.89907443403     
   7471.67399208132     
  -5832.16329789524     
   4623.82828393943     
   3916.87867179066     
   4286.17586830753     
  -889.233139999634     
  -15060.1777544692     
   8776.87472999611     
  -1961.05360672444     
  -6270.74265728534     
   9039.41965574575     
  -3345.18035656152     
   3040.26120734640     
  -1705.32993565725     
  -9966.76344375748     
   12656.3063071591     
   792.925145127081     
  -1246.40338524565     
  -1304.93677873154     
   3425.35251399169     
  -6898.10051483254     
  -9996.76481905214     
   1222.70012350532     
   12683.5813614126     
  -9626.70535193724     
   2516.88135694349     
  -674.756480867176     
  -2492.28109381913     
   4843.98736301619     
   374.930946084935     
  -13705.3510933923     
  -3848.20507693807     
  -1217.10364170734     
  -2881.15976019181     
  -1314.49718927519     
  -5698.31494141794     
  -2190.56967968807     
   2326.87035871535     
   4919.25343782743     
  -4728.87388895757     
   5546.48668882547     
   6911.29727606425     
  -20574.0154850591     
   10688.1801072555     
   10508.2958390237     
  -1360.85403945199     
  -8785.31365446735     
  -3024.00037034199     
   5652.31622878666     
  -10654.2262665049     
   1767.91339013694     
   4584.43128628127     
  -9749.77646168321     
   3880.21611750745     
   3996.01130854458     
  -1420.81709774996     
  -304.538026520935     
  -1135.14888532866     
   4359.73197923755     
   14024.2386165245     
   4837.02470984370     
   5715.38220822774     
   1167.38844382805     
   2873.84263395706     
   7855.88205046784     
   11631.5488906565     
  -5475.01784898992     
  -7182.05825214080     
   10267.4288823567     
   1845.42575321969     
   2532.32297755066     
   7152.74552207385     
   22007.1296954985     
  -8027.94299442448     
  -4546.53914618657     
  -1188.40981721607     
  -923.828528760881     
  -17797.6381602240     
  -15026.1654287799     
  -2039.12754632268     
  -2505.37963502844     
  -6245.59059731629     
   10582.6704747649     
   5163.61048866371     
   27034.1283510859     
  -11576.5689119964     
   16196.1298026713     
  -13463.3814420672     
  -2271.13042028042     
  -3738.24984669458     
  -7688.80555251389     
   5819.72341118246     
   1965.30298352564     
   385.827575441435     
   7260.60757714109     
  -18208.7314817776     
  -369.215488075305     
   12029.8030683181     
  -3739.05697167313     
  -15762.1839868322     
   7592.68392796390     
   1950.88136575506     
   8929.56646242081     
   3142.10279398896     
  -8930.82064545396     
   16903.7490580938     
  -17493.3447096352     
  -990.340477019268     
  -12687.4605796594     
  -5703.98802413518     
   7876.28316236464     
   2080.09599936547     
   3735.99914242077     
   7078.95297979586     
   1277.05785572962     
   9642.35928766101     
  -5585.18640275862     
  -21497.6453249453     
  -1675.69608553494     
   12646.0479711958     
   6947.76131280171     
   8615.09898927918     
   5557.98239842965     
   11094.0307676952     
  -4588.60465397241     
  -7313.19570815120     
  -3486.24011840501     
   3106.34747701677     
   10904.1463222544     
  -13002.1227361652     
   366.817100466333     
  -4380.29770302644     
   2946.57793616944     
   12150.1112576606     
   987.347371433721     
  -2294.59190932496     
   6857.53526606089     
   2305.84030346900     
   1004.20460262424     
  -4914.50526248523     
   5964.07594160776     
  -9837.39021039534     
  -3734.26649147804     
   866.902186147712     
   7914.51687060580     
   11075.3287394731     
  -2397.67245173029     
  -3866.14346300153     
  -4279.25064661772     
  -555.047369567001     
   7941.60068676307     
   1377.77775243049     
   391.243251507778     
   184.447188316042     
  -4255.22544280114     
   1014.33824292292     
   12071.7040487799     
   3788.64103349129     
   13563.9691378630     
   841.582173549504     
  -748.701510287181     
  -4118.99008477396     
  -8684.67475065314     
   2948.50490890102     
   7767.37581493605     
  -358.482303352530     
  -5776.31431568345     
  -5690.50244603529     
  -1770.72883035878     
   4439.06366568336     
  -13224.5210582965     
   4567.44378735862     
   1632.91399349050     
   8947.54585361147     
  -5554.89520886696     
   10325.6883126497     
  -1663.94110308899     
   9653.01772550606     
   12240.2294754537     
  -3529.68615371314     
   2630.23949236801     
   11691.7850316402     
   4233.34731314324     
   1214.53934667136     
  -12605.1125287613     
   2578.56777363482     
   3107.16759204815     
   11869.9716238242     
  -872.397111473855     
  -1538.01483265090     
   2081.68206614349     
   503.167596394479     
   1699.38445654105     
   1232.76531439337     
  -15737.4100128881     
   3239.72582077660     
   3310.34462854827     
  -3095.70636346472     
  -9401.03967489142     
  -4441.65661337830     
   1994.45510390138     
   6026.88396798807     
   13683.8334885740     
   1302.01969566618     
  -329.071842765040     
  -2280.64535998797     
   2007.96332241785     
  -1529.75068097867     
   2837.40230342873     
   3859.61979840980     
   3246.53809728711     
  -365.801463061443     
   2050.89601950949     
  -714.209871754527     
  -4182.16087776391     
   865.912095852636     
  -1786.79360725223     
  -5989.20096601996     
   16174.7434619473     
   1320.46656734452     
   11528.9688159809     
   1618.31925645952     
  -9773.15051635236     
   4077.80228429254     
  -2193.22690668483     
   8258.86986041694     
   1312.34078682157     
  -13168.8047802654     
  -3483.25769599309     
  -1165.60804850558     
   256.633772766991     
   1330.16103351409     
  -5900.53497993146     
   5853.44471320945     
   6662.64000115678     
   5685.12649817914     
   3806.08823728523     
  -1649.39257488067     
  -4523.86061428859     
   240.561215993233     
   3106.24236259280     
  -720.084042371037     
   818.563060945900     
  -12489.5107809662     
  -1943.78799089525     
   13649.4417329466     
   2170.90925990548     
   2461.91798050045     
  -4582.64143862948     
   5105.36678783733     
  -10393.1113411704     
  -1544.02316874317     
   3793.32127155617     
   9299.91628713429     
   1132.70373655242     
   6122.07957778292     
   4846.90611951426     
  -11467.3341063365     
  -522.600994957535     
  -11324.1153438231     
  -3136.69186491729     
   5164.60156703874     
  -1319.24497402265     
   6851.45601100847     
   1608.61031961901     
   7933.17572774810     
  -3538.83322839861     
   2401.13724820871     
  -3417.35447148327     
   1258.16512915630     
  -3026.75643702501     
  -4014.26893853083     
  -7285.08820613271     
   2072.38576782452     
  -3005.73634287264     
  -5729.03450377053     
  -838.508171819065     
   4448.87228294914     
  -4776.20223904054     
   16063.0584782936     
  -3164.65179024472     
  -7471.19426366231     
  -1549.37546481976     
   2797.97772451590     
  -1030.82842106676     
   660.521472990009     
  -3512.05290634052     
   5285.84845494977     
   4821.00746658152     
  -4450.86401798160     
   5219.26824996164     
  -1023.74272037735     
   6611.93757665365     
  -2910.02690290108     
   5439.17622987517     
  -2370.74266748123     
   5369.66795798086     
  -11083.3488125043     
   326.474844620096     
   2019.32688979961     
   2875.25336486119     
   7110.11477956989     
  -848.398202776592     
  -435.469948012958     
   3041.07731920200     
   1315.73375253895     
   2253.95034564446     
   6060.69352874968     
   5103.05760363363     
   8248.60439466293     
   3083.14327405350     
  -5110.30525232540     
  -4939.76131822865     
  -99.9415642124295     
  -3986.15799722617     
  -3985.08651784371     
   771.596972823711     
  -1754.89895241022     
  -1192.22197614545     
   8496.58537016614     
   1031.67265868357     
   4759.97770583895     
   2894.42681955685     
   2608.69003289693     
  -789.436071305126     
   4550.78862198366     
  -1207.28851004691     
  -3328.90422147420     
  -2477.97092147904     
   3911.18796177458     
  -9965.89377876183     
   15930.2004946706     
   2679.27172290675     
  -1459.35283527020     
  -8332.58568500568     
   930.557375905315     
  -2546.16007341499     
   499.903651001671     
   4748.25630694557     
   1785.57080854039     
   6279.90517036604     
  -7165.71013916129     
   1711.41908780543     
   24021.4022471978     
   7991.63557581904     
  -13069.8992044169     
  -10232.5330098867     
   325.548655045759     
   3765.87255147976     
  -16904.4017641324     
   20809.7134765283     
   5159.88479035552     
  -14918.7856149053     
   1558.27977937109     
   15182.3373851521     
   16724.1206313317     
  -4878.57081670806     
   14509.3488570583     
  -696.709265841859     
  -1415.01325840955     
   2331.63821269000     
  -7359.74170334173     
   4104.32964362721     
   2541.11969706868     
   983.455898414903     
   3838.86189310099     
   6575.89026557310     
   4830.17530859643     
  -10787.0270439278     
   5701.43385750432     
  -543.732073467333     
   89.4308223979101     
  -9547.61645714122     
  -1012.85817965807     
  -2285.76193321132     
   8676.13532467309     
   1072.32080459396     
  -4940.13632845788     
  -7556.83996883960     
   733.391932915896     
   256.046696473402     
  -1984.02862349992     
  -1973.58673154828     
   12993.0842063702     
   1891.85897627195     
   3809.40742167652     
   6917.03484322136     
   3090.36130956373     
  -9304.14314247655     
   2047.40858231090     
   1433.94224269288     
  -1255.88690811820     
   8085.15964136021     
  -2613.64548111434     
   6658.64350310038     
   4698.43128338479     
  -5811.78678647188     
  -13392.3492462194     
   2210.79679066425     
  -7253.46236324438     
  -3521.28590750804     
  -4855.57992663420     
  -2045.37289125962     
   4370.27545915088     
   1504.55365508698     
   3162.70576100200     
  -13603.4015644805     
  -4627.87377496434     
  -6497.26154413677     
   177.229462761993     
   11184.0896118546     
   320.893946451636     
   2769.59191152355     
  -11195.4821012258     
   8598.59437269291     
  -20002.4605013997     
  -10098.5076339512     
  -9992.70406852814     
  -3624.95310518523     
   3545.19243064512     
  -16080.8843335268     
  -14761.7071839292     
   2647.95424923677     
   3960.39045253914     
  -5486.04437948068     
  -8925.83390150359     
   3485.71073157418     
   307.043858210814     
  -6600.61407595578     
  -3458.92666025093     
   6699.34121276441     
   4836.15965585127     
  -3764.10908738446     
   1438.25148966643     
  -51.0171872118544     
  -4030.26000787347     
  -1998.99352265790     
  -2088.30097314309     
   9279.76266187506     
   8648.30314574920     
  -12889.6742009724     
  -905.667320720117     
  -5240.06458229743     
   14549.8042139436     
   2076.21815348926     
  -15354.3532510727     
   1972.18326070585     
  -690.395550854405     
   3993.42436281177     
  -3239.90568475792     
   1693.05450192840     
  -998.805989173610     
   3852.66576377833     
  -1876.75822063340     
  -3392.68791041347     
   3311.78897834602     
   3094.35712768960     
   2206.28404537328     
   1669.79420931245     
  -9449.33895170396     
  -1129.26267104474     
   2009.44820478908     
  -5309.66296707131     
   9656.80794512102     
  -11792.4832460816     
  -12598.0491165915     
  -15131.8022915083     
   5531.73683648429     
  -4394.51403096272     
  -7705.90098851509     
   12305.4288966170     
   418.115902769860     
   1255.76310651087     
  -4730.30246597382     
  -1373.91289363366     
   4420.70994068237     
  -492.145695180833     
  -9668.95343080932     
   8201.19170669083     
   1758.14180822658     
   1706.82200845376     
  -3456.31520448000     
  -484.249301141186     
  -1277.21872101236     
   1341.55822995722     
  -3606.96356317327     
   1895.32288837309     
  -821.159937999150     
  -949.839515717747     
   6199.03063650489     
  -9255.92421500228     
   2996.15710866578     
   4799.15995677732     
  -628.862830083815     
  -6913.76913798154     
  -6958.07973806130     
  -6737.33878575247     
   4957.82765187831     
  -3197.01572263222     
   641.736386503097     
  -3940.76123664483     
   5012.54993868385     
  -4773.51758331057     
  -1709.88544195628     
  -11348.8552754732     
  -12126.3896272178     
  -1238.48747268891     
   9870.18235309185     
   91.4421472971499     
   627.981573578920     
   1790.38307749161     
   1333.73543517064     
   3705.97101616409     
  -6299.01598209017     
  -7760.60177362313     
   3882.40457582334     
   2247.11746165627     
   289.154252572919     
  -2000.09729733716     
  -7691.94297123769     
  -17488.4071764383     
  -272.722338368423     
  -1611.09602580189     
  -3593.63439583231     
   7937.91044063894     
   12423.2500554829     
  -12739.0844226867     
   50.8530874822914     
  -1637.21357649300     
   1363.33197277837     
   12384.1128427605     
   3626.49040794707     
   6868.62194414263     
   4249.99030702607     
   789.125169019958     
  -1816.32753800766     
   2437.57430838559     
  -2460.99389092887     
  -16891.3435271548     
  -2434.20740886852     
   3613.22903593438     
   3885.35668290158     
   2577.78372619159     
  -61.9584995164150     
   3890.32994276172     
   2724.05503391266     
   590.202869859680     
  -5691.57798904225     
   10108.0325730030     
   9381.20825958041     
   3313.76745399375     
   8528.71424491784     
   6894.59260685608     
   1171.90285160230     
   12595.2061896393     
   3022.54581649723     
  -10273.5285831882     
   1338.87048349292     
   5097.16987648300     
  -5134.83089971390     
  -8723.60088510789     
   7516.46395752958     
   1892.20480863430     
   1903.00455877914     
  -4836.64496217930     
   9088.39285786743     
  -236.482699228235     
  -1315.73052229592     
  -588.740539970207     
  -869.371227424479     
   2465.38276061456     
   3001.90497378209     
   5236.76315337865     
  -1206.87817964449     
   643.881075796873     
  -6308.38352707039     
  -486.105472640131     
   3239.56378192526     
   1211.03819143247     
  -1946.40010637472     
  -10995.7948344150     
   4210.95817724291     
   3719.76970296843     
  -3709.00378991764     
   6126.95430096050     
   3867.04697107838     
   47.6141288196923     
  -206.921120147271     
  -635.083942227929     
  -1556.69485430326     
   6151.92547474141     
   417.291770131586     
  -1335.99892078960     
  -9531.73991536683     
   5844.45995665133     
  -6067.09288060113     
  -7657.97655199180     
   10120.6875769544     
  -495.169843399342     
   2640.08859351828     
   4085.00150597141     
  -2160.24379085754     
  -2578.54194877690     
  -4416.78966809079     
  -6648.63016610874     
  -7435.52311979899     
   1551.79507272900     
  -983.156271442064     
   8004.35798416771     
   3070.52176242400     
  -4682.18916910590     
  -2016.02330043706     
   7143.41834863836     
   3106.79414397233     
   10541.5898816726     
   7489.21253208005     
   1138.93158461458     
   1322.96446387489     
  -1809.22905487879     
   5121.34143561458     
  -1837.93012302110     
  -3480.51505153079     
  -12962.3045407451     
  -9672.63440486940     
   2508.84253960012     
   4959.46006072118     
   4633.83812924175     
  -9099.43987037162     
  -5943.46539619752     
   1600.45202228840     
   2660.60537939119     
  -1124.32836116461     
   5054.46114183621     
  -10529.0063901704     
  -20426.3079794378     
   5199.92095834418     
  -23281.5379411372     
  -15845.2006034321     
   7267.57718717456     
   6587.05761535664     
  -13311.2781820360     
  -5651.16770397091     
   5347.71447506815     
   5273.86902031201     
   9465.16215707356     
   618.841623382068     
   89.4706929040531     
   8243.13114762888     
   5982.98663704777     
   9625.84696547279     
   14970.7132841898     
   1321.70226939458     
   2963.44411459450     
  -8368.30483289393     
  -13073.4798072309     
   2342.94390957530     
   3420.16357476288     
  -325.485654834757     
  -9267.58305230824     
  -1436.98756174189     
   6032.36946495664     
   7760.47487759087     
   5437.58107419100     
   6034.09555721659     
  -1250.27179436900     
  -882.505920090567     
  -2477.63726163633     
  -7856.41326632383     
   11715.1621269658     
  -4194.76126507608     
  -8284.93148439692     
   2383.63368892810     
   269.438535639008     
  -15685.1414699458     
   9552.37979518052     
   5559.15025019063     
   814.794536456749     
  -271.028379359208     
  -10188.4430537197     
   1062.13952541085     
   4782.67687067149     
   13206.3571959864     
  -481.322893534447     
   1474.13305437212     
   3971.24329828908     
   14366.4760775292     
   5800.88469128777     
   19152.3619135253     
   1268.88179910146     
  -7942.46081212886     
  -15953.1749404032     
   11020.2020537464     
   13368.1293158460     
  -6329.01444354923     
  -4652.07025346907     
   6248.64932830002     
  -5363.40192939595     
  -5289.85503611087     
  -9379.97017337347     
   5314.92103997068     
   2309.57898244502     
  -8580.39333713318     
  -7257.79004905356     
  -3615.53560256766     
  -13778.9874294704     
   17082.9274768761     
  -9407.58410552139     
  -12442.3794629614     
   21679.5926964297     
  -2730.13194594545     
  -18258.3813766010     
  -6371.83022577018     
  -11969.6893816284     
  -9982.44168471214     
   16648.7863197469     
   13798.6835573634     
   15529.4280578779     
   4731.59993844464     
  -35960.4516662181     
  -12643.0326858354     
   11592.8484182851     
  -3816.31869958294     
  -3180.08839845198     
   11292.3869044584     
  -6687.96958424643     
  -13265.1144688393     
  -12902.2770149316     
   710.563996545040     
   3689.87845568541     
   1214.17828616718     
  -10189.0526161432     
  -4867.82168557016     
  -20304.0866159535     
  -97.9603815764576     
   3645.64990978525     
   907.703579625825     
   3186.24491263863     
   5035.12609014049     
   237.896079056497     
   3543.89628673672     
   2758.31083120190     
  -7420.53481188346     
   3256.48230422526     
  -13103.1974881794     
   5159.04532318640     
  -18965.7698018594     
  -6684.37653480249     
   8409.65143764339     
   1781.51459564428     
  -7312.27780814459     
   9360.70425234988     
   495.636289050427     
   3438.51919899163     
   3756.72017857682     
   8633.36665138708     
  -1239.23702421992     
   11057.2989406626     
   4224.18364244436     
   11777.6354279200     
  -9999.87285886733     
   15993.6855633479     
  -1715.07496406401     
   3015.52303670176     
   3528.00558114390     
  -7834.97850771180     
   3672.17000358144     
  -9242.95657377897     
   2409.22765072841     
   161.792474856994     
   2451.11636405453     
  -6475.17808742921     
   5885.21724021830     
  -6273.10900901040     
  -15678.9166849909     
  -10272.2495903986     
   3375.74231238071     
   5566.80527563460     
  -8313.93804051483     
   6248.88080375024     
  -271.180480046517     
   3372.29067128375     
   6997.35252216670     
  -4515.72439862058     
  -2957.43742080206     
   10763.8278622990     
   5552.94417589399     
  -4621.52116327481     
  -3356.83468316987     
   9292.32743677851     
  -1660.62383873519     
  -18164.0544032889     
   706.482181001907     
   11806.8870994110     
   4115.50791444163     
   4124.97886087602     
   3963.68752895001     
   2873.47338706249     
   2912.28529440311     
  -2716.88787184166     
   8531.58505894350     
  -3330.00641334590     
  -13461.0141043377     
  -3704.44997530601     
  -14620.6490705543     
   17908.3437627772     
  -1265.11420765020     
  -3373.72292158844     
  -1688.28802481012     
   1137.03034694876     
   6542.04835857477     
  -6084.66344747266     
  -2215.26867752510     
  -847.135345328913     
   6383.63927574182     
  -5217.87025673356     
  -1505.70395848669     
  -5051.55630382073     
   10214.2659422266     
   1052.50184837347     
   1465.69333023366     
  -490.007548914902     
  -1752.10670107250     
  -10654.0482544084     
  -10458.7040829245     
   5384.53658240861     
   4940.62733329761     
  -11804.3675747522     
  -9392.66884237752     
   5069.04513335596     
   448.620961875005     
  -542.651389778277     
   5754.93886139037     
   5864.30515401631     
  -6510.43481575952     
  -4399.79533302556     
   4302.18849236022     
   1558.23910420527     
   4544.42385442451     
   2274.18875541365     
   20462.0756253523     
  -5100.77460838194     
  -346.935777383082     
   909.061853743478     
   1657.35783302184     
  -6658.20279247655     
   1375.72131905282     
  -2532.50461695093     
  -12618.4789066161     
   3561.71681463293     
   3455.50519953600     
  -5881.38630039707     
  -11251.5202712894     
   15755.6986346285     
  -15769.3268009011     
   9765.60792138148     
   9902.82231303423     
  -12148.9038024169     
  -12475.3355425958     
  -6549.76835551671     
   2812.18936866073     
   2087.08184643030     
  -6703.07289675106     
  -10996.8333130721     
   334.414925413113     
   3737.30170754790     
  -1952.53441945784     
  -2752.02947067173     
   17901.5101342279     
   24682.6003474879     
   1034.42935850883     
  -4086.43514978566     
   17852.0000273786     
  -8362.81311575531     
   805.806104204663     
  -10221.5956682305     
   10043.6056006896     
   1892.42933045695     
   8240.03718022271     
   939.022882875985     
   318.640469377822     
   5110.95542529048     
   12577.6250902106     
   19156.7131716654     
  -10996.9523168073     
   969.196422964777     
   1712.55585981213     
   6667.93363716005     
  -2949.77161949487     
  -3928.50307235122     
   23736.9430554167     
   6310.24389408795     
   5942.54307846398     
  -10558.9049910103     
  -167.934533698532     
   18958.0339176669     
  -7693.43383957867     
  -17713.4576191977     
   1289.15511741375     
   2340.03033991351     
   4502.39011151078     
  -2296.40874640463     
   2403.27703545165     
  -7460.39007171542     
   8069.79589726078     
   5934.14498566464     
   3445.87532292632     
  -13927.1527612203     
   4066.39702601642     
  -17376.7062041380     
  -4454.60900304869     
  -1623.89052577884     
  -20846.5273203209     
   8645.35316027170     
  -973.128382646275     
  -13097.5413898300     
   7024.94275690465     
  -7189.52200159913     
  -8890.22410022782     
  -12610.3554155573     
  -22801.3058404352     
   8135.13756345012     
   4550.04867766990     
  -1962.24379053802     
   8548.46823614658     
   2200.06946453243     
  -4582.82097347947     
  -9662.44066463713     
   449.353989922317     
   2629.82659795164     
   11299.9321250607     
  -6161.45872851244     
  -4198.74769445783     
   4378.88229997187     
  -8252.40204671596     
   1342.94504073752     
  -10018.7755693047     
   5905.04235653985     
  -14575.5345881524     
   11635.9446884414     
  -503.044362769417     
  -4644.63871897296     
  -9940.22111568374     
  -4276.09575601902     
   8187.70888589334     
   3694.41109474472     
   1204.84659873512     
  -23106.0360114323     
   11506.6077266133     
  -10378.3475031235     
  -4425.23681605874     
   2407.60763780849     
  -1556.32500322915     
   1890.55430086079     
   2480.54600508189     
   9599.77910165942     
   3130.80435196275     
  -1224.79808252829     
   1063.21760252628     
   5193.64246983943     
   3703.77186415199     
   2384.56897728789     
  -12261.1456575000     
  -2933.91023665743     
   7492.55224777486     
   2386.60117337356     
  -1625.65730702419     
   5886.91433777659     
  -16508.3314147186     
  -15656.5698727528     
  -6264.22159248906     
  -6601.45525162364     
  -6332.12339545679     
  -11506.4666645589     
   7204.29385622119     
   4318.01519366848     
  -7892.84926708261     
   971.609419177425     
  -6064.60915074658     
   1035.92844353546     
  -1345.94631570884     
   2521.91651311734     
  -4844.55581048267     
   8364.77340863952     
   9104.98299950130     
  -379.716970846002     
  -5439.90501770679     
   877.845607123059     
   17865.0187221006     
  -1175.12652203138     
   11291.3419010267     
  -2195.87998163591     
   3024.94196099526     
  -572.901197413939     
  -3130.85133962287     
   5560.62664631051     
  -1811.44686343064     
  -4300.62952704122     
   1347.87872106516     
  -6168.80938176416     
   1463.69612559960     
  -4052.27634670950     
   6425.29722499699     
   9327.31351723281     
   1730.21879320351     
  -4004.35890791634     
  -82.3459125969190     
  -1138.91556210405     
  -4486.17566062848     
   29233.9840894189     
  -2078.83735930974     
  -1750.12420671808     
   5870.52970186479     
   9414.62026505557     
   10521.7628784791     
   7550.82185282447     
  -3803.85552731992     
  -4561.86049210613     
  -5433.39460354006     
   512.975888046922     
  -1197.93493179011     
  -1317.54066991773     
  -6101.68495292829     
  -2050.37571783195     
   6489.72926765654     
   1787.21783393175     
  -340.672684220287     
  -3007.68155992912     
   1940.43335966515     
   5117.23032335024     
   4195.22765895808     
   8488.27907403386     
  -1359.54583296331     
   3666.87830521740     
  -7916.66525983494     
  -1741.25069901660     
   83.2572047208205     
   623.472641534167     
   1695.12648826546     
   681.942782125070     
   1360.93114710607     
  -4894.07366007807     
   3126.71153963202     
  -2914.50267339152     
   2317.39099563834     
  -9946.88484477733     
  -1178.29971997057     
  -5218.72553516909     
   3195.55978576906     
   1490.05964305755     
   2103.87555602656     
   387.697100293743     
   5399.20640155808     
   1852.70273017164     
   970.631377260474     
  -1499.22290354035     
  -2908.23246900362     
  -2090.06474217954     
   562.530813551042     
   5265.91717637351     
  -3048.70848899625     
   2243.07860701353     
  -7285.46872880395     
  -530.878518119160     
  -3371.98406022343     
  -19870.2163607759     
   5556.23481451281     
  -997.113661249278     
   604.822033133304     
   4406.84048679959     
  -7974.35953230152     
   5474.17263552511     
   5.54834375017191     
   3013.20286617065     
   1511.94030461181     
   1205.16042172742     
  -1064.61954275771     
   1250.85610767287     
  -807.923696767624     
  -2521.05320981142     
   4306.65212218335     
  -2693.66099047037     
   2740.88292810422     
   7778.28493425136     
  -1497.42480035252     
  -278.136627826181     
  -2633.27149821362     
   563.223233355289     
   325.256212820308     
  -4684.34244206527     
   1483.80183426043     
   5943.95059879568     
   1678.06087409169     
  -1887.57236331052     
  -6672.55858959993     
  -5418.45225878207     
  -3077.09520697874     
  -13544.2887177878     
  -8668.41372245174     
   5979.19538221111     
   4218.61050614095     
  -6838.10592220507     
   2674.35929683469     
   15018.0885129801     
   1774.95235744076     
   21232.9343396179     
   11747.9552149424     
  -12640.4469646811     
   11168.1409106347     
  -408.069884282989     
  -2925.90095851256     
  -9566.55112403851     
   3745.55611944774     
  -13665.7087714526     
  -214.190630404587     
   6098.19633593276     
  -4128.57394711102     
   19363.7750732972     
  -3423.47159920609     
   486.919386077608     
  -2965.00369470634     
  -6088.82059526525     
  -1550.13710424063     
  -7635.59609237790     
   916.052090545033     
   5694.74673051893     
  -5000.07503083325     
  -645.477902741671     
  -11367.8160457543     
   2071.66447378577     
  -10380.9726190315     
  -10516.9604506540     
  -117.713233818170     
  -239.369713663153     
  -498.583218162808     
   7105.54638580665     
  -7108.47526344272     
   6138.91292900801     
  -30724.9178620858     
   6074.25113543559     
  -4816.93405083802     
   6489.90073090913     
  -585.599458714933     
  -1525.04193096476     
  -6724.75653516212     
   4731.41678150363     
  -6065.22523955208     
  -758.827818511380     
  -11984.9683222974     
  -1074.62329848567     
   5157.45062623444     
   911.540227305674     
  -179.285378260314     
   294.769289032265     
  -8034.63989684412     
   8550.35198038838     
  -17306.7953863396     
   2949.11643295404     
  -5703.55499731902     
   1086.18851232537     
   4939.64403300101     
   2424.73814495447     
   4838.62300154622     
  -4304.30710421021     
  -9018.96395946011     
   1905.86090696461     
  -5747.44526649447     
   8283.38571813652     
   46.8802925348132     
   4226.24439806940     
  -4317.48072233839     
   5670.67861411560     
  -6722.87506533928     
   2241.24838546555     
  -6444.02077868208     
   4605.80013919946     
   5470.60270118099     
  -2368.02979307049     
   5658.20837028397     
  -3683.23473779568     
   2573.75897296292     
  -10562.9653297806     
  -3328.79864411813     
   10068.5510871131     
  -5181.96910135947     
  -24110.0007552901     
  -6301.15689937952     
   1586.65713801363     
  -231.991809308957     
  -1027.28496581417     
   8149.65265002004     
   7785.51589752793     
  -6745.49912980165     
  -340.172799485026     
   7824.65075036459     
   9707.24360369821     
  -1785.53619294372     
  -4714.83193696482     
   3537.06471121427     
  -4431.65238635217     
   4798.78198238569     
  -3157.11445713757     
   694.049109240832     
   17594.7697490715     
   1794.00654341570     
   1311.33958884263     
   12200.4285385417     
   9442.24239143255     
   8981.71168405230     
   1444.73003861958     
  -4408.18705041681     
  -1738.36877402048     
  -9834.71848621011     
   4962.52061910112     
   4742.77257263083     
   3073.85066199157     
   2668.79994609906     
  -391.320756508899     
  -4027.10754392917     
  -1565.64740893294     
  -1187.52869298251     
  -2754.90428088799     
  -457.453969395659     
  -7324.02278213220     
  -2944.81609188440     
   4196.43552221600     
   67.7394824152793     
  -334.654878359497     
  -2559.85990461995     
   18246.1091319293     
   6342.88266584535     
  -3435.94549195831     
   5113.05120974863     
   18819.8250176222     
   2446.47972060038     
   6503.02002251898     
  -8002.96042396311     
  -14683.5502165755     
  -7462.62315873131     
  -3912.43965596100     
   8348.00971582666     
   5330.29957771069     
  -5425.42509368196     
  -6917.20127170223     
   13699.4552727221     
  -11789.3452315781     
  -6373.94470153786     
  -4578.17916510186     
   3847.90749591381     
   977.627049921995     
  -11861.8016165317     
   15931.3414199741     
   6831.38270589821     
  -5684.59833141735     
  -698.841292467686     
  -5453.35996163176     
  -3241.47109694367     
  -5101.12099231664     
   16054.8662588414     
   15931.2659857335     
  -183.009676460986     
  -11644.0738560119     
   2571.86685863603     
  -18505.3330463231     
   10042.0025639831     
   15418.5689626989     
   14904.0075744758     
   7284.32019957132     
   3885.10487379263     
  -4066.82169468395     
  -6671.66083050028     
   16333.2783127549     
  -6044.94996160428     
  -96.4259637889140     
  -26476.2923428991     
  -22430.9677454032     
   13284.3295842837     
   5234.96848694740     
  -11209.3901514854     
  -8837.89746197334     
  -3168.10427117692     
  -8066.17041649053     
   2463.84840054945     
  -16863.9065236166     
  -896.668484680948     
  -988.686894489633     
   3166.42579149677     
   5305.34753722289     
  -16569.9634306068     
   2904.21026932960     
  -4303.72105473610     
   13759.4116960927     
  -2853.93326792143     
  -5246.26284326038     
   3213.91840103361     
  -10338.6414682902     
  -5076.75655068871     
   869.989800641717     
   5331.68592523390     
   5025.72680689451     
   2126.65541689641     
  -20789.5431345554     
  -5356.42297885866     
   19928.3447882249     
   1549.11853827911     
   19510.6155101509     
   7327.16182097991     
  -172.681753628544     
  -12992.4228145132     
  -21341.3978150345     
  -4628.53999665636     
   7609.80560556470     
  -7182.47766190872     
  -6477.93426783592     
   144.613470438192     
   10718.2415729673     
   8035.38080873159     
  -18037.6481222758     
  -15004.2420617160     
  -102.122426540210     
  -1790.33333167812     
   1234.62246142678     
  -4402.13573440664     
   4350.49110701920     
   1876.63138931935     
   3032.03185287076     
  -5683.23523856148     
  -9746.77866147960     
   4172.55248162066     
  -1596.96829755977     
   1769.34906722260     
  -228.889970395870     
   1148.36131996084     
  -3445.84073828816     
   753.112404869330     
  -2229.87512803951     
   4942.98295762194     
   608.690143758388     
  -2677.07518927047     
  -2028.80084876950     
  -1233.90868958404     
  -533.711578974820     
  -3186.21470635712     
  -2192.74778832107     
   8016.55526727479     
   2080.29215664167     
   9822.94858011364     
   1227.09445139804     
  -928.566179151373     
   3257.34800181046     
  -363.733564374441     
   3231.26168249367     
  -775.380915938791     
   3953.07054602600     
   2681.22205861480     
  -3145.24197333382     
  -2738.57926820406     
  -1152.83862452893     
   1172.50413964661     
  -4367.91819150804     
  -1056.27930554827     
   25.1660421823117     
  -2117.50874698304     
  -2843.56029187296     
  -3462.16126811833     
   7109.65665852620     
   10113.3375868658     
   4850.49954357123     
   477.329120401195     
   3235.61307950958     
   4850.28497695160     
  -20229.6993090283     
   4638.52766817288     
  -1653.23246384306     
  -3135.90203187510     
  -57.8866503458438     
  -2973.59648024122     
  -4927.93928598713     
  -15427.8951282995     
  -9200.04975563242     
  -8379.73654821396     
  -417.394023907492     
   437.600619864891     
  -2771.03608995555     
  -1713.09447732415     
  -17386.7908769534     
   4119.61322972860     
  -5911.07700703969     
   8264.05429684968     
  -10406.5858125159     
  -3388.04777711657     
   4087.01708098447     
  -10394.3756938107     
  -3481.48817883351     
  -2315.59149502843     
  -1425.24072526396     
  -988.391871129235     
  -13141.8833987520     
   12592.8712976065     
   26586.6827744733     
  -59020.9032152030     
  -20585.2409017166     
  -36724.9433416033     
  -9274.78639541022     
  -12785.2171806830     
   7295.62265675992     
  -19520.8514947365     
   2722.76932285151     
   15170.7389071111     
   24080.3838981706     
   4620.22495895509     
   12679.3056517374     
  -12293.6906935172     
  -13670.1211054967     
  -3151.63813509301     
   4719.01881165464     
   1493.92372920665     
   6052.53391684124     
   391.368487952663     
  -13979.1733969119     
   6505.58707546051     
   4618.12930232311     
  -9611.31769577326     
  -2512.29911485555     
  -7853.34559686198     
   7981.14363529223     
   16104.3375995114     
   12312.8130546578     
  -13052.7906338316     
  -5930.33712275983     
  -3082.78516208080     
  -18522.8912129797     
   67221.6089103991     
  -65837.4736617728     
   6677.97132215845     
   12451.8665801094     
  -13411.3456502425     
   3897.67804218700     
  -2463.08530133024     
   14533.9486910482     
   13745.0165424794     
   12702.1499086308     
  -15510.0158813497     
   5334.17774223882     
  -2204.04601574916     
   6179.95466941140     
  -1222.74577449591     
  -1077.56704547601     
  -4881.99462931504     
   14128.1926553000     
   5215.94014009390     
  -20884.9189612303     
   1363.22756014756     
   24268.9936110305     
   9380.54761637496     
   26727.8486673334     
   23244.3499068906     
  -6109.83260356093     
   9300.44899761070     
   6699.04787151860     
   14097.2822403890     
   3440.72354669317     
  -3597.21900368034     
  -4318.32358105565     
  -7244.24365505564     
   3715.34790597834     
   8548.09744337276     
  -12240.8184688843     
  -401.451679491697     
   11420.5512723205     
  -6161.81293172437     
  -1633.95614138624     
   3517.45034733909     
  -2112.19659127618     
  -686.606335099225     
  -564.466096261636     
   1676.48059244544     
  -11966.9370964264     
  -5444.66169611460     
   17472.9037408515     
  -1081.81427127910     
   21015.4091846895     
   6350.30791413899     
  -11235.8921797658     
  -4216.50222117228     
  -9969.64509001280     
  -422.281931680105     
   8914.97834118691     
   2960.18950179907     
  -13444.3394737492     
  -21858.4086260528     
   900.369776780487     
  -10703.5537414722     
   15506.3061423516     
  -9167.63667374002     
  -8345.41341361478     
  -26912.0349749616     
   6672.68005085535     
  -28017.6441738634     
   5706.04302164444     
   18464.2873123513     
   8480.06567360023     
  -3563.74456455673     
   1299.67948987745     
  -7303.50889880180     
   1678.81042896829     
   4882.95697311153     
   10338.0183794160     
  -9027.09978682994     
   13798.1519416912     
  -2191.96044206261     
  -5263.38813896379     
   12320.1413989446     
   10511.0082214245     
  -25825.3862955252     
   14296.4808025222     
  -1410.43684533004     
   1710.91898612936     
  -14.8897292537877     
  -8949.04812308020     
  -5124.26606981910     
   2108.70636736074     
  -1178.93246587004     
  -6584.57902010045     
   16554.0487659430     
   7991.97679964644     
  -17279.9255187969     
  -10121.4324404216     
   12961.1216249837     
  -10519.9760842402     
  -15884.3699716358     
  -4942.27624945541     
   10606.7217509737     
   4257.25349336423     
   14062.1654355538     
  -18852.5024843705     
  -5113.75497246597     
  -4614.82312988727     
  -332.474515447248     
  -15431.4860195792     
  -374.708864445066     
   940.707692787799     
  -10122.4309326390     
  -1553.55274103533     
   3643.13709356139     
   9759.06928666685     
  -2120.39410718259     
  -2474.98748242939     
   3646.78744990273     
  -10770.1150160380     
  -3657.02977520391     
   1064.27740023748     
  -8287.65201085589     
  -8651.79919979667     
  -6135.47140851098     
   3745.52930897806     
  -875.127598348551     
  -8139.55858534941     
  -2742.63440421450     
   359.560926655142     
   12724.9618728693     
  -6683.26045585309     
   5856.00807854455     
   9380.34394527267     
  -2423.40617773544     
   13131.5096670000     
  -4233.27426149943     
   4315.54379806140     
  -441.406988745613     
   10933.4447479225     
  -1331.72652824662     
   23717.3340574397     
   9802.02735806116     
  -9163.48324008342     
   21979.5201293213     
  -16167.4222433785     
  -7235.88949244566     
  -22526.8724953585     
   1075.05437585567     
  -10554.7112718724     
   3085.59991496260     
   5093.85549105849     
  -5304.11599921861     
  -11456.0464667429     
  -908.118395574132     
   15176.9768951905     
   4422.69433747798     
   10067.0809548344     
   4371.71180233361     
   10453.0236918534     
  -2838.08664562138     
  -1482.04033218118     
  -632.546303245583     
   8617.32165856276     
   223.277441775858     
   1266.34117135956     
  -15051.2537830648     
  -1883.68575748189     
  -15803.0550531453     
  -4717.57577051251     
   7157.76216119786     
   10275.7686437025     
  -11449.2467093802     
   11066.1234202352     
   9672.14940278748     
   6898.25420306769     
   11056.9228748969     
  -23775.5852160090     
   3213.58421383981     
  -9938.34694673765     
  -6827.34050708032     
   17698.5614887467     
   2776.65141815209     
  -1602.88163802561     
   4766.17853552830     
  -9700.57829230934     
  -3961.71580842723     
   11451.1467183032     
  -3911.06329266688     
   5044.25414078893     
  -10407.4352018890     
   38312.2358363407     
   10172.7258321905     
  -8290.86344245595     
  -19594.3958473445     
  -17106.8793817866     
   10727.9218681425     
  -6074.12770160966     
  -33284.9364482688     
  -2656.07335582990     
  -409.698998114996     
   13826.2526189918     
   5168.43059795303     
  -2140.96540570460     
  -24374.4704221019     
  -11726.1880640596     
   4528.91218869548     
   393.648727837455     
   3973.62858851647     
  -13104.2623588521     
  -7303.31183849538     
   8011.82267375284     
   11013.4418439681     
   280.483522901073     
   35395.8414156760     
   36360.1217061903     
   10531.0768082208     
   18249.9177151287     
   262.786209465381     
  -6532.97289051900     
  -4928.05087258556     
   4015.73138248773     
  -1901.71728956972     
   11991.0450319809     
   4787.44507709715     
   12773.5214260196     
  -8543.53650435197     
  -4321.54785638071     
  -5195.67086028265     
   4794.67516361378     
  -28284.5674120463     
  -33228.6279219419     
   9680.59640812664     
  -11782.6624200091     
   24327.0832826587     
  -16752.0038802834     
   2332.10049346856     
   6550.35643776112     
   15422.5707151613     
  -23102.6621965016     
  -12172.3332318906     
   9794.96252372810     
   16401.9391234284     
  -6552.66359813626     
  -12371.8980163137     
   922.192721721289     
   3072.86121389169     
   18640.0676396461     
   7372.10558177367     
   7824.49064178246     
   22406.5038321620     
   6639.98134061726     
   27775.4986165544     
  -5111.10263396944     
  -10131.4405923706     
   24077.0682632540     
   15508.3800658993     
   2160.65755297346     
  -2019.68885425139     
   30222.4530944724     
   23673.4451881411     
  -10891.2984632630     
  -19244.9581188524     
  -21584.4710083142     
  -24301.2718920903     
  -18345.6647304963     
   1589.99821982311     
  -13659.1762224626     
  -19220.4058872203     
  -11358.6427162062     
  -1083.37253468612     
   7825.84356655529     
  -16948.4650617931     
   1427.62343663233     
  -21916.7335460397     
  -5199.48374800548     
   14825.0490701309     
   3266.13783058224     
  -2214.32362090195     
  -20799.8111249657     
  -7289.01440193077     
   12546.1900545422     
  -17125.7727025972     
   2561.79134704070     
  -10382.9418778297     
  -22737.8419899646     
  -1187.01710218758     
   11467.3494126376     
  -15862.8023437088     
  -4450.47572599051     
  -8998.59323002913     
   2123.02817522493     
   10794.4782157179     
   9351.75321375680     
   7762.25316581133     
  -4319.14651067571     
  -7964.02558812023     
   17407.3170551136     
   12608.1949172892     
   4458.64302758036     
   2257.51792027254     
   333.396002214326     
  -15101.8204046025     
  -2180.71523996917     
  -15892.9734079396     
  -703.198135384130     
   2691.94590431472     
  -1404.32824250344     
  -6124.05391639803     
   1508.72673736599     
  -6374.23920896908     
  -2376.19980087441     
  -191.779516603838     
  -569.597502711239     
  -2515.87559426013     
   3594.56875862012     
   5933.73023490167     
  -972.495247862957     
  -11157.3473613115     
   3525.19790477572     
   7358.57746097068     
   3753.94192999085     
  -2580.57869408536     
  -5001.73593127525     
   4451.17480994030     
  -5113.14228883916     
   17971.9714474502     
   9634.55115980107     
  -1918.48998107828     
   9534.39846225184     
   942.720571824813     
   15399.2763985762     
   13422.4627168182     
  -5601.97002265442     
  -10196.3938313653     
   9672.61702545513     
  -6093.64254784842     
  -6907.64078261096     
  -10440.4941622779     
   18715.4794860115     
   6694.60405951489     
   8942.82573575469     
   16133.3714564190     
  -4384.79969944514     
  -5063.52515928946     
   9878.15818647359     
   862.236462212071     
  -862.207836153713     
   1277.58629587801     
   20511.8369762228     
  -889.204613307589     
  -6233.40750607977     
  -13863.6492659187     
  -5293.25559742697     
  -1931.24543971175     
  -1638.43402058416     
  -25533.8611544095     
  -7541.60016115603     
  -2974.02841515984     
   10249.4093625892     
   22414.5370388104     
   25890.5628474319     
   13060.1493010427     
   1643.98712064416     
   8174.19794569128     
   11947.1401560784     
   5442.38683265426     
   13022.7982408502     
   13587.6690731973     
  -4648.65391999288     
  -7408.78538799782     
  -17740.2444756661     
  -20401.7262319708     
  -14997.7692851224     
  -7506.57339141757     
  -8170.88642935676     
  -3669.07296172106     
  -1622.01982478550     
   1202.94873627392     
  -9433.56383939032     
  -3109.74686009945     
  -15327.1385966450     
   12910.8627334776     
   3074.12295339292     
   4051.36491331267     
  -18498.4928623475     
   4103.70199545127     
  -1695.10672090350     
   266.600625786895     
  -10283.2167722804     
  -643.089984219645     
  -3950.95068438073     
   4604.24038710668     
  -144.612152369729     
   4009.98879989798     
  -349.971125694544     
   3939.45150584037     
   4671.38945990806     
  -4787.79718253882     
   17248.8643271438     
   2653.49952230576     
   6185.97232323544     
  -5626.06290082423     
   13319.4746322997     
   16508.6839362336     
  -1430.29907515689     
  -4825.74723201049     
  -3217.54329323256     
  -8836.44448341225     
  -410.401587782947     
   9084.19155240666     
  -4333.60203725919     
   180.683656827337     
  -2410.73464427615     
   16981.5400880237     
   9882.19277935963     
   16341.3125557160     
   10547.5285091141     
  -1430.60711374289     
   26540.2035004472     
  -4682.58978643633     
   5097.74324437289     
   21273.3552398784     
   6917.61137655942     
  -926.098359377993     
  -18163.7552775898     
   12969.5349467094     
  -14525.4665477384     
  -2295.99029223727     
  -17389.4561115801     
  -3410.83706083886     
   10464.1968438486     
   14945.9829718950     
   5797.62961954304     
  -8731.24883175963     
  -9952.47703363903     
  -13327.7494738460     
   1961.03027824788     
   1441.28306983829     
  -2941.33545929052     
  -801.448810641351     
   2997.02999521437     
  -3893.16704590797     
  -4288.20659547984     
  -1436.10124757686     
   850.475549825116     
   6984.40256410616     
  -10259.6734255542     
   5249.80416108619     
   229.879523968830     
  -13362.4750209282     
  -9388.39867865618     
   24311.2506238317     
  -792.682755491994     
  -9016.56562753559     
  -541.024747505634     
  -2074.34021231107     
  -12459.8197470261     
   20430.7823044147     
   2708.03127759068     
   8072.33203497427     
   14566.5616332856     
   8693.44674120023     
   13917.0865270287     
  -15549.0568750874     
   8410.97836405212     
   4266.45852914656     
   18063.0211146561     
  -12739.7427197125     
  -4060.40907989913     
  -7548.89382608759     
   8179.98551648498     
  -13007.7615043904     
  -8443.34133074609     
  -13788.9064653496     
   9418.23013356926     
  -1202.08138877137     
   3002.73755318447     
  -3347.87240066678     
   2432.29270277435     
   14268.7785344418     
   10492.2579414081     
  -4419.24883639882     
  -17427.6557250120     
  -14547.3734398644     
  -9344.28598334996     
   13534.5190221469     
   6425.15154186921     
  -8114.00064058971     
  -1611.64525279327     
   1852.28406212908     
  -10947.4268445177     
  -5028.02919015685     
  -2443.69685948347     
   1540.92121992408     
   7495.21520179204     
  -2996.77857547615     
   11801.5571530586     
  -11885.8414918001     
  -7127.93544061075     
  -1057.15224624763     
  -5475.17001771385     
   4108.76000653744     
  -417.098292413084     
  -712.868318979696     
  -6130.59428321731     
   665.402948885155     
  -9670.89846390910     
   7143.04573902972     
   2129.46192920990     
  -2276.30606331134     
  -15769.8166917478     
  -243.797426891914     
  -365.929264180452     
  -6065.81676688386     
  -10360.6171119797     
  -756.249286524439     
   27220.8051505276     
  -3889.15314841469     
   18814.8703276264     
   297.526432845752     
   9835.99562520637     
  -12077.8711669047     
   4368.37783456684     
  -1302.04123280997     
  -1744.66364601046     
   16193.3177452619     
  -12566.7473622503     
  -6213.83556031309     
   8519.63574290110     
  -9737.73340622830     
   1148.40551042737     
   1060.95095421507     
   8156.19954120823     
   3906.62614037184     
   566.089752170928     
  -4682.77093391650     
  -8502.67937834442     
  -16735.0237933842     
   9763.35977437737     
  -4269.14283678637     
  -10240.0266653901     
  -9577.98243969795     
   612.772581838042     
  -364.473868455536     
  -1091.22672549104     
   20799.7794640441     
  -2079.67053578052     
  -1488.85426494875     
  -13893.9227178792     
   6251.85357768514     
  -9190.06798922933     
   1946.81127485934     
  -1758.25806717589     
   174.903287259838     
   8735.81005704024     
  -4262.60614604598     
   3099.02704802376     
   7393.71578162718     
  -1777.72566662539     
   3770.64807177405     
   1844.94596822639     
   11371.3468753812     
   9645.44048434572     
  -18540.0376751248     
   3921.98295309025     
   9847.51080727690     
   24488.6370224624     
   15727.3226909992     
   12330.3781936926     
  -14060.4810618211     
   11004.3143942815     
   3795.20640025404     
   228.444186895081     
   3011.23884497280     
  -3121.74290183998     
   3543.72516489333     
   544.006799619695     
  -4533.40681452923     
   436.170040145411     
   9492.82142840059     
  -20924.8619428489     
  -19845.2543139081     
   7593.18869380085     
   4765.79058188098     
   10480.0936644098     
   652.572379623424     
   10348.4198411067     
   214.382268289923     
  -12601.9691909222     
   9029.61864774455     
   12162.1272292733     
  -243.936560423901     
  -1700.13107753036     
   11220.1960142897     
  -27829.4162521687     
  -2841.19999824727     
   17674.4605395921     
  -10870.2339503986     
   10626.4569590641     
  -669.614080038820     
   19639.4875582112     
  -12047.8588591842     
  -8413.81172749009     
   7612.97758900798     
   14994.5318376198     
  -2900.74420444890     
   10740.0664205805     
  -3989.43777630525     
  -26507.3678426420     
  -11620.1145910428     
  -5364.59423755527     
  -16320.1537758339     
   28721.9445957215     
   7916.56760904752     
   1263.07125814827     
  -17002.1014586643     
  -12282.0929896659     
  -2302.49258092692     
  -207.358498401952     
  -1173.94605081407     
  -28298.9285830281     
   7323.12885395417     
  -3975.66637905904     
  -11455.1768863423     
   6927.74493718257     
   48169.4221775799     
   4920.49321392344     
  -6599.40980881705     
  -16752.6308104635     
  -9770.36342837328     
   9058.73804663872     
  -17776.3240698192     
   7768.35759462688     
  -129.508916077837     
  -1930.07948375702     
  -9768.70953708322     
  -6556.49185686425     
   5280.24661819162     
   11286.5320509377     
   2245.48215364625     
   2341.86673149848     
  -1982.40718029194     
   5212.29066552011     
   534.297182389586     
  -8247.82359131122     
   5908.68622635976     
  -27924.0994449180     
   12959.6808140886     
  -5609.78940924120     
   11479.7893757174     
  -11076.7888650828     
  -34895.0215374155     
  -13843.8613256851     
   5546.77305480332     
   871.492589030986     
   2564.74863000181     
  -4614.50723501537     
  -11005.3591041130     
   11122.0226520485     
   11396.3696751486     
   12800.7122025709     
   8554.65359654203     
   7551.02583169994     
   9469.53665415212     
  -19628.4706782462     
   2798.18827833108     
   5813.82123141268     
   5567.30461203522     
   3033.42000199909     
   15528.9894947167     
   2115.37107150092     
  -18319.6577762019     
   12319.1029100111     
   10817.0667476668     
  -2582.78330871144     
  -3414.48740580879     
   5466.91140691832     
  -2838.58769510249     
   4735.24733138539     
  -10037.9519614151     
  -5573.40838600817     
  -5255.77651257061     
   2811.37390403494     
   12830.9289243595     
  -14096.3314766912     
   5190.45532338178     
  -11893.8076767861     
   1419.95531623884     
  -4768.52416454259     
  -7670.52961362419     
   40914.2640351564     
  -12824.3303848737     
  -907.514612525295     
  -11217.2065103707     
   4054.69226557032     
   1986.94607920708     
   24849.6862328890     
  -4139.62762130884     
   18543.3240558436     
  -4781.18302999535     
   5908.24934294735     
  -344.040615916419     
  -28103.5707314896     
   11190.0859911225     
  -10782.2466177076     
  -16374.7031167621     
   20129.3193311789     
  -2585.54448899529     
   3877.38233856199     
   7139.94234017441     
  -5783.09881589939     
  -1391.12334958786     
   9580.25168133060     
   5462.79375521042     
  -9670.69346057296     
  -6665.54695566613     
   2928.59027861264     
   8940.83848052783     
   29149.7722889098     
   3762.18580260916     
  -557.937103984219     
  -11420.5819888941     
  -7215.29829643188     
  -14983.6160460167     
  -7391.51852631584     
   791.922767431476     
   2570.03615215019     
  -25588.2051673260     
   16968.8850218327     
  -4105.87418906563     
   4535.24813292484     
  -11562.0950703156     
   405.172447688648     
   3275.16373089004     
   6865.31596275336     
   11210.7633767011     
   3602.51821342118     
   286.483630204480     
   2949.87359405902     
  -12824.3949069232     
  -790.564328264127     
   4374.06339084368     
   3238.58572763047     
  -6197.51937617637     
  -1891.44333287333     
   17690.3354433526     
  -12661.9186007732     
  -1345.26148579041     
  -7291.53130019081     
  -10740.2144232100     
   15428.4623596841     
   183.101052520443     
   6992.22264349781     
   5041.78157122038     
   1947.86627280287     
  -6765.55667888775     
   476.868578997254     
   3128.18770427812     
  -2297.72821923334     
  -8744.39920787959     
  -3897.80867641334     
  -3914.21190643908     
   12879.8607192242     
  -6612.79069914498     
  -7176.98282772590     
  -12652.0570570755     
   3544.51922922007     
  -13263.4669537462     
   13525.8136825649     
   3485.14457706924     
  -4771.66393900794     
   7271.04938415213     
  -2964.62868512067     
  -10501.6092089239     
   2725.90998263941     
  -2129.05736668054     
   8059.78344552119     
  -1567.44486223559     
  -5762.76013087971     
  -693.553600266695     
   4641.74626022539     
  -10509.3674799822     
  -5839.52454557010     
   16855.0210911637     
  -25869.9789256630     
   16369.5614765504     
   9860.23253672709     
   5623.49993422747     
   5629.09623195249     
  -10550.5583553321     
   13846.8864411198     
   8374.81589672040     
   22317.1044399431     
   7513.32770363707     
   7735.05983861417     
  -9079.77152199183     
   3901.13788749021     
  -13921.3234408141     
  -5542.43030803296     
   5343.25958598902     
  -13317.7095461592     
  -20813.1505250250     
   2356.53248400287     
  -824.356844762597     
  -6476.57348216241     
  -4328.21135501035     
   11894.6943723357     
  -3504.51205299845     
  -24991.6415356246     
  -17643.1103490884     
   3078.86481805290     
  -9484.62765445503     
  -5011.31164313953     
   17370.1566667569     
  -2334.32194442201     
  -3778.06622597757     
   6229.66170303287     
   6619.73137682232     
  -6468.28621695374     
   8879.89526908073     
  -9551.01443269197     
   33398.5960668408     
  -14760.8329166452     
   8819.57671289231     
  -6357.76153665270     
  -217.203170538332     
   10030.3222057878     
  -28050.4798571987     
   26647.2298416820     
  -11197.0827445141     
   10939.7088196150     
   5505.94719024773     
   11454.9090476078     
   7630.66745599488     
  -12090.0640099031     
  -7086.59989855202     
  -18345.7702677601     
  -8187.74131205257     
   5707.90701021821     
   3419.00217456245     
   25945.4371955096     
   11764.6141181861     
   8070.08790427821     
   5761.81885204805     
   38713.1764433268     
   9512.72083238893     
  -8329.48562063696     
  -11495.3287561919     
   4068.04586995127     
  -2316.52403401280     
   5272.37251634301     
  -22530.1395785751     
  -6441.03476076627     
   6409.00825824157     
  -17454.8880284520     
   5986.19917610906     
  -19156.6067880488     
  -10013.5863881694     
  -556.506966537862     
   7328.83781944135     
  -9277.63246654683     
  -3680.89374598667     
   6971.66207584370     
   13622.5813323970     
   9595.78644573411     
   3078.75107704883     
  -9433.59936186982     
   10846.5034893032     
   17729.0588568554     
  -5647.20765147327     
   12689.7817703077     
  -1793.31643102685     
   3495.34201093163     
   3708.21234254171     
   613.496337236397     
   15213.9581031107     
  -2799.18775540953     
  -335.059862886450     
  -1166.17278305265     
   10059.1527952062     
  -3725.43562743026     
  -11600.7053552831     
   2458.05669929622     
   18166.4590994178     
  -15111.2520155664     
  -16935.8182447665     
   14915.9659793545     
   874.973890249368     
   13114.7032232968     
   3373.03560627715     
   4493.17351682901     
  -10682.8422724644     
  -15430.2062659318     
   27348.2796412543     
  -4967.06613064435     
   12848.0137907137     
  -27401.7833734074     
  -5254.88192669908     
   11989.2768187969     
  -13932.1225160629     
  -14118.3687254971     
  -5770.17992259472     
  -11024.3514721439     
   2901.98360779051     
   13143.6610467350     
  -6319.80109336105     
  -12299.2976194252     
  -10355.5746622545     
   1559.38084284329     
  -1665.48603133891     
  -6108.23710174091     
   13981.0691275578     
   1513.03579903321     
   952.913184947032     
  -666.314421423109     
   4154.54224987095     
  -5226.94710472162     
   3318.25485765584     
  -2089.07085666564     
   5869.81010322891     
   653.238584923100     
   225.169628592406     
  -24167.6546586649     
   20560.9781719660     
  -9055.43500965770     
   1737.48027345877     
   218.403869379509     
  -23759.4744844715     
  -1624.79781123716     
   4455.04861948758     
   4222.34668029098     
  -4376.63291367465     
   18.8972673125286     
   3496.83053575466     
   1323.75093465072     
  -14118.4075284332     
  -5246.02304456501     
   2034.12584081837     
   9936.62776654248     
   4250.04296818578     
   10599.9922733839     
   7777.87122725332     
  -2776.86151290538     
  -10080.1892035062     
   19343.3742374282     
  -2112.85995060408     
  -2213.68127698071     
   12538.6618248930     
  -9129.28250656271     
  -12077.9619171328     
  -23591.3433958166     
   750.246229972807     
  -14508.3001921219     
   6649.90830746799     
  -6301.81293859444     
  -22470.9431134037     
   2532.75992641559     
  -16665.7094904016     
  -8504.79315260401     
   14639.2335115317     
   16334.9937566019     
  -1124.25962327812     
  -3867.06750887970     
   20309.7309460933     
  -10962.5720436103     
  -1374.81478664035     
  -4896.06231572790     
   13683.1931306413     
  -16084.3601018963     
  -8234.77174830298     
   4820.72287840013     
   7377.17957761705     
   633.754866742399     
  -12785.1775150027     
   12805.2974384093     
  -7223.84457713817     
   27423.9821116608     
   21216.7659607022     
   4325.27963748406     
   1665.78265061187     
   8684.10378744779     
   3901.20771866952     
   15025.9167002946     
  -17078.0073221944     
  -2580.21069167034     
   16830.1742565507     
  -25651.7547257772     
  -9694.55998486372     
  -8236.64756213100     
  -16096.3400150961     
  -10186.2087528693     
  -8169.59570664296     
   14417.3300895314     
  -14482.8045370806     
   6668.01400280601     
  -26343.5985585099     
  -14127.1133189120     
   5296.69073764452     
  -4145.50955779470     
   22341.8343145139     
   13836.7818172947     
  -14656.5624815166     
  -18416.7952518736     
  -8804.61136405671     
   9874.28069523374     
  -24234.4735199601     
   9733.42842514965     
   14613.1255917635     
   6032.16649306009     
   13097.0579518261     
  -117.991951705269     
  -37720.2682908112     
  -25383.7069014443     
   31665.4379426152     
  -9514.96877553403     
   14515.8132501300     
   7593.08395900178     
  -23024.5722546594     
   2348.17368305648     
  -2325.25411570254     
   1261.90058614265     
   935.211459346830     
   20006.8256243210     
   4858.70562789369     
  -13537.4505696545     
   20616.4133638964     
   12176.4468562956     
  -1223.36974683546     
   9878.23238947788     
   10375.6612381997     
   13975.4462976785     
  -2547.57306323645     
  -45651.2608837871     
   11136.0183303355     
   16035.3708522889     
   19622.1770767308     
  -3743.28169845512     
   21835.0442902107     
  -18000.4686339388     
   16100.0362149747     
   2782.64052549705     
   10248.2686610971     
  -306.718020391202     
   4120.13476833177     
  -4860.72746342819     
  -9222.23763858359     
  -25978.7046652822     
   7723.38217231615     
  -5381.30116179617     
   1056.63921507370     
   15116.1408104054     
   9235.92966416055     
   7444.57754247723     
   20802.2742155485     
   9812.16489359278     
   15277.5309884386     
  -900.318970762421     
  -9213.73080771087     
  -13004.9474545948     
  -14002.5560476232     
   7027.61932581915     
  -29095.8712822425     
  -6826.83580033202     
   13899.0359058384     
  -11728.2958362216     
   12788.5680160810     
  -8420.70658196311     
  -12415.1738641694     
   677.680343406497     
  -10567.4376930501     
   8350.62713269057     
   6416.92282262922     
   8963.16675719043     
  -11471.7779199356     
   4887.24902265641     
  -9205.33641978447     
  -3590.86700022881     
   1884.07660768296     
  -12199.3035206256     
  -2045.01228202854     
  -11601.6290523949     
   9352.12972058286     
  -12426.2873629147     
  -5399.07181059753     
   5574.90438762104     
   16761.3088492166     
   8407.91705376263     
  -3490.57376424029     
   10233.5541855113     
  -20999.6051006064     
   17615.6703510058     
  -23299.9167503912     
  -14473.8316330339     
  -4449.64524015208     
  -7602.37725221382     
  -14399.1281402439     
   1018.53753764831     
   8105.58211973365     
   27496.1945797562     
   1234.10087574435     
  -3759.04867034017     
   17499.6089138157     
   965.217950660748     
  -3758.29166193034     
   1422.72545603009     
   20620.3468264556     
   14796.7487470217     
  -5046.32957903905     
  -22213.9881047664     
  -5948.83758651957     
   3846.07819633732     
  -20768.3283475500     
  -27286.0854008058     
   39299.3586044818     
   37025.8568504045     
  -20039.8901152578     
   16020.3579082864     
  -20041.8302538125     
  -468.240778947168     
   10542.8125939738     
  -4410.94696875337     
  -23675.1480809414     
   35603.8674993718     
  -2507.57647965813     
   8892.74155988994     
   15527.9236645354     
   22242.3621203386     
   14202.0372313733     
  -9052.26032192907     
  -28522.2989058955     
   3690.77347268437     
  -10026.0970785162     
  -14393.4479784109     
  -7253.03221949482     
  -12989.4284236624     
   11789.2390080702     
  -1378.26361550360     
   1834.72388284966     
   5052.06481559883     
  -12489.3683798084     
   4102.66111641212     
   38604.9783901784     
  -182.761659362204     
  -2946.33768450713     
   4441.00686070094     
   9488.44068030755     
   6181.11941656987     
   3217.16306035582     
  -28267.5996388145     
   6109.28024163735     
   533.477630591686     
   6645.62852704582     
  -7433.17879556571     
   7315.28689153041     
   13859.1891219247     
  -21244.5146563589     
   4686.18342308483     
  -2607.77392793541     
  -16710.0461456634     
   15457.3424724705     
  -9157.95610649524     
   14366.3462409153     
  -10912.7450811217     
   3996.67924073130     
   10919.9860656710     
   5966.71690689745     
   2867.78865004428     
   10561.0811601425     
  -782.569208404466     
  -10602.1472432202     
  -16543.0051708048     
   8477.38518783113     
  -8990.16403025167     
  -5622.06391194366     
   17024.4172246499     
   4139.58573313407     
   957.830449638568     
   10165.3223646645     
  -18222.7837753238     
  -2004.22675152905     
  -11606.3781496467     
   20644.1785522474     
  -12004.5868587681     
  -6609.01282528542     
   4048.01784563089     
   4326.99945775504     
   716.299113792678     
   10491.2719095937     
  -1210.75102495193     
   7192.61756926304     
   5396.50119068291     
  -7393.03433613380     
  -1753.32242092291     
  -539.693409099493     
  -15913.8278673875     
   5467.43776000757     
   18760.7094269365     
  -9730.46552600090     
  -12033.5634761391     
  -6943.63621828557     
  -8398.18252491616     
   5143.81152404773     
  -5710.05911415031     
   7836.50999005909     
   13964.2329918126     
   3511.66924856865     
   4405.39938609206     
   5054.48313992249     
   11348.8012000808     
  -6017.76623421007     
   7355.73687289544     
   1020.70594859489     
  -11611.3024329013     
  -4561.53762215770     
  -6190.21793856239     
   18412.5070582810     
  -4697.90456209025     
   11015.9003999129     
  -9993.17203683934     
  -1306.20997396787     
  -1149.46643847139     
   1410.12499759303     
  -1761.03950961375     
  -7221.15423576972     
  -1964.36556145793     
   7217.92560503994     
   968.210414305475     
  -15890.2463532849     
  -4938.21328771717     
  -2233.10667546039     
   19618.8849794877     
   3389.59271735673     
   19274.3700373716     
   7356.15382751721     
   23611.7530918548     
   2238.31293027812     
  -3039.18149694163     
   4945.59823844224     
  -1227.54512976186     
   6007.58890547359     
  -17066.5563491567     
  -7808.33692607534     
   15273.6386041242     
  -9332.52784684963     
  -16260.0182175522     
  -4596.69277891564     
   6585.73475212978     
   9518.89421857486     
   14996.7842377535     
   5684.20563124941     
   8429.32347601705     
  -8457.60008530073     
  -8814.81745566871     
  -7102.84623051624     
  -31869.2427163956     
  -12902.4740004689     
  -10112.6704109051     
  -9414.60145297102     
  -1228.63682842058     
   4820.84312325856     
  -1134.81444308806     
   7190.92703707890     
  -22414.8504478427     
   4864.75793068395     
  -14343.7111575234     
   12075.4488915012     
   5593.43548054473     
  -20788.9699688057     
  -19622.6866269935     
  -16129.2014358426     
  -9839.20215556748     
  -13913.6559856425     
   16516.3410487191     
  -13170.0779999605     
   1105.77128914271     
  -12457.2318031107     
   4713.53632241165     
   9777.97070870089     
  -13667.8719614069     
  -3251.78001636226     
   22091.4551283759     
   6751.99592265075     
   10319.3520126589     
  -1736.90513741379     
  -19276.2762794297     
  -24915.7043580701     
  -1809.25953382239     
   27.1391199641439     
  -7150.96411707411     
   16309.3697716814     
   14226.4790156122     
   6352.42364372931     
  -6829.94667294960     
  -14824.8492879399     
  -2018.17111081484     
   7945.98926842439     
   13434.8611537993     
   13079.5102146316     
   2954.17252778582     
  -8227.84303238665     
   11763.6753366009     
  -1217.36155590147     
   3761.83151135627     
  -1041.26077129040     
  -5876.05638960215     
   9293.26645406181     
   13741.2789444077     
  -6119.86776860864     
  -10962.9661088886     
   17539.7369361190     
  -645.418230786937     
   18309.5000634194     
   4256.99453345573     
   543.178957200622     
   5998.88352649581     
   9300.41294193401     
  -20375.0433093992     
  -13362.7541355027     
  -605.897515760017     
   4568.48907258454     
   10353.4802446585     
  -16491.5621725225     
   5951.22266156496     
  -26537.6518722257     
  -11279.9628495501     
   5498.10372042637     
   12212.2483840700     
  -6366.56906805718     
  -5636.15823854977     
   8841.55162080695     
   11309.2516127705     
   9284.97105055069     
  -1015.70400600338     
  -5656.46682550247     
  -1079.46445313373     
   19604.5338984355     
  -2744.21029098316     
  -15976.1341172093     
   16166.0826804602     
   20139.1090337599     
   12193.8476869719     
   2674.00578885141     
  -722.413825976634     
  -812.119568625827     
  -26736.7489847037     
   2937.41511851073     
  -4800.40911560959     
  -9561.31146258474     
   7025.50601341101     
   5538.64508790783     
   15025.8918821969     
   10137.6795784081     
   12928.6556153017     
   1154.00131605510     
   7540.36777483553     
  -38598.4039146145     
  -12316.3341297140     
  -11066.2964876321     
   3971.94365424061     
   4270.78971299812     
  -2314.49378794870     
   10762.9472236266     
  -10676.0288236607     
   7740.35411639876     
  -5063.40974404685     
  -19463.2382018014     
   12626.2820477153     
   1785.82574892116     
  -3153.16348093728     
   5660.32589576921     
   12498.7895512437     
  -4689.39068807711     
  -2191.81451371445     
  -10026.3093722220     
   15835.4596071125     
   3938.07977864114     
   384.238407619110     
   861.350386614517     
  -13819.2333437603     
   280.352192916867     
   3044.26929257332     
   6118.73521079283     
  -6108.30960355930     
  -1064.69130034694     
  -5772.79796855545     
  -17667.6610866635     
  -16073.7212669217     
   20255.2160266549     
  -9190.41803021864     
  -17484.0515273753     
   6148.63813541736     
  -5050.77239611922     
   9943.83020922693     
   723.658552836390     
  -7818.85556867481     
   3977.76296670754     
   16197.4235885634     
  -5278.41343845788     
  -4243.90486076792     
   3166.17494312180     
  -16892.8333925409     
   14048.0319060915     
  -1222.68703439691     
   553.558939730634     
   8753.51155005487     
  -6189.53637430051     
  -4554.19970197594     
   8152.47314254072     
  -7626.06977117451     
   18427.5396233660     
   1719.03535259948     
  -4906.47079695296     
  -9439.55917049661     
   19408.8751892470     
  -3162.57771395206     
  -9121.46206306448     
   4451.25123312489     
  -3078.41839283971     
   10383.8927435613     
   5906.26595495909     
   3680.01352733111     
   16066.9307782063     
   21703.9145009403     
  -26571.8567002757     
   373.135051684253     
   3348.23112157548     
  -18467.8791190593     
  -336.168344172097     
   8.68115405325807     
   11433.9740432804     
   9752.35316321345     
  -10227.4256341537     
  -4635.69234886333     
   12156.5826078777     
  -1482.48093367871     
  -8965.09046900032     
  -8131.42822504213     
  -1649.97874286703     
  -8465.70140360531     
  -2503.14224931937     
   14362.7690667864     
  -10068.0507808782     
   9611.84349012543     
  -8377.28774876765     
   10782.7555355464     
  -10325.5298447862     
   13895.4881951587     
  -2206.04302658231     
   710.671708077896     
   8117.45679651773     
  -6517.14105054358     
   4883.72299476332     
   6422.37293771776     
  -13296.6818767048     
   1363.90444433778     
  -27500.8283512637     
   21146.8407968195     
  -13488.9088587835     
  -6525.76940587058     
  -12682.2931166810     
  -4671.48566044841     
   11336.8300082382     
   11709.0533495736     
  -26398.2529032857     
   3355.24161899926     
   1198.21217536927     
   17188.2028825337     
   6349.01297999774     
  -10021.7445271872     
  -9352.64102612397     
  -17712.2188162159     
  -21439.7900208068     
  -6747.55069895975     
   10947.2770301456     
   2491.42915776308     
  -18493.9235044147     
   14713.4235458657     
  -22508.6512379249     
  -5816.90809808086     
   3386.79853960263     
  -8376.74475947396     
   11245.7040598046     
   9018.45258437203     
   5626.38378914228     
  -6908.80745422459     
  -12042.2286580325     
   12571.3157026673     
   7726.41827740207     
  -7132.10860737572     
  -19591.9636871899     
   25814.2843845295     
  -5053.73533182549     
   6765.94662632509     
   6587.92987543812     
   20366.2503638670     
   2950.18108369049     
  -18557.3549080881     
   893.767814423326     
  -5168.38734971372     
   13039.8541811291     
   25135.6805458010     
  -8631.69563869150     
   16184.6238503984     
  -7605.04783913104     
   9606.70325156229     
  -14051.6439548919     
  -3426.46124231892     
   5759.94319685092     
   973.062814090777     
   33465.1919475858     
  -5508.98390786898     
  -2153.36855662613     
  -6139.93295025400     
  -15857.2102883165     
   3033.52644519575     
  -13141.1656228406     
   3819.79081085247     
   450.307534965309     
  -1752.16844443708     
  -10666.2077341157     
   6464.93958855716     
  -7192.99392987812     
   19775.7951034076     
  -2006.40744907152     
   18021.0427499760     
   2953.76101198480     
  -226.070805131437     
  -5622.26478974377     
  -7622.64032566597     
  -406.112616144134     
   12441.4718982015     
   1721.46683216712     
  -12714.2901240693     
   8044.26111447517     
   2008.84586628820     
   5467.47989964968     
   2342.66101514956     
  -27061.2014718342     
  -11917.0522222182     
  -18491.2894611836     
   8036.00204121157     
   8188.38905414984     
  -3247.70519614852     
  -21343.4333202748     
  -14657.8053918332     
  -9089.75735756208     
   2558.71229590169     
   7126.45802247870     
   3595.29166395738     
   2667.74421186518     
   3717.14667855894     
   3699.16151980141     
   4587.84029675733     
  -8812.36668796582     
   8802.39864799131     
  -19610.5500788642     
  -577.467131873622     
  -9281.07390523435     
   533.051112885340     
  -4203.07663666727     
   18240.4554453660     
  -14.0922511648614     
  -3787.13132213788     
  -1821.88561949776     
  -16127.5947522629     
  -1276.14274877328     
   21240.8373230238     
  -344.412242963428     
   25385.1195445238     
  -7336.66821536558     
   10200.8140873437     
  -15307.5826529895     
   20421.9264002978     
  -5183.54443933234     
  -4688.66717408732     
  -2925.69798866829     
   10846.2645293855     
   13719.0607236291     
   3570.49367464646     
  -9112.13561501045     
   15190.0727261087     
  -1698.43998436008     
   316.749502837900     
  -4955.68079890763     
   6324.46248380602     
   19348.3478424371     
  -18921.2351698830     
  -6482.22746999834     
  -152.516519551425     
   5020.08921163850     
  -6713.41222469068     
   7017.11254103487     
  -2233.29056204967     
  -811.002300252949     
   9439.67943088066     
   29046.3404431476     
   32688.7107193594     
   10267.2030150798     
  -3900.37548758815     
   71665.0092824508     
   5516.98675107415     
  -18293.7046112040     
  -33041.0064608952     
   15837.3487975606     
  -18916.9548847236     
  -22364.7341142296     
   2260.73991844380     
  -1878.35085682128     
   969.633074747960     
  -25366.8533753045     
   13386.8193929442     
   8116.38154552770     
   3685.99555522452     
  -11208.2235701841     
  -4269.80070082405     
  -22142.5964185643     
   19951.1315813153     
   12061.7848237987     
  -17666.4065615845     
  -4176.11486007956     
   4555.31950418377     
   414.765410870468     
   22413.0380500604     
   14145.3853625384     
   10672.5961079001     
  -16771.1481969909     
   5148.14494749620     
  -3273.57504805612     
   7127.54770235893     
  -5421.22067062160     
   6635.28058810371     
   490.055005317019     
  -3164.94138578594     
   5090.12979754146     
  -833.559744067577     
  -5737.00087712528     
  -24994.0772487119     
  -23121.9942248499     
  -12365.2513146347     
  -7888.62377796494     
   3190.55629543342     
   5702.08903560778     
  -2849.55586172184     
  -16636.6492412599     
  -4478.49039435062     
  -8900.03464695827     
  -12066.1070049399     
  -7450.13736157454     
   2876.86848436595     
   4765.56576005381     
   3459.26683932539     
  -4434.75021054724     
  -4204.79051755149     
   3546.74827089993     
   2185.94182999748     
   2750.13827233656     
  -463.445008829345     
   6120.68027293640     
   17356.4680329884     
  -1779.56461105219     
   6180.97600613976     
   9378.39238919899     
  -8670.97411751785     
   26.4581691837411     
  -981.100378351809     
   5609.44637390551     
   6707.72291965678     
  -15437.5523569764     
  -24963.2650452588     
   2657.72289849335     
  -8073.87306168723     
  -18870.4585305652     
  -5614.42412590171     
  -842.092692061839     
  -2261.01986530984     
  -4571.51424764455     
  -11353.2968646947     
   17511.6339303378     
   15212.7998955799     
   89.1894375954953     
  -3703.86942901207     
   11619.7455757430     
  -10629.3888543526     
  -1556.16798112627     
   1219.05879810703     
   11136.3646465599     
  -6545.84097412082     
  -25452.9436234771     
   3312.84756104180     
  -26039.8643198788     
   12453.4839899406     
   2860.85726985777     
   22391.4805854777     
  -12978.0251303245     
  -1456.67440933748     
  -17209.3876539029     
   32011.9307350584     
   15123.8772023656     
   5293.26563739569     
   7715.68163063708     
  -6665.24103327862     
   5645.33559119000     
   4515.20607835759     
   9830.95506426767     
  -5317.37485706141     
  -8147.95464630498     
  -12450.1286216171     
   16079.7630575852     
   3741.96610416749     
  -3669.80061190524     
  -2357.35164181225     
  -8368.05499210808     
   10970.5567121304     
   2373.48305309136     
   7011.39742402922     
   577.314584899895     
  -6883.66597409691     
  -975.467528533173     
   5144.75052678056     
   15872.1340738819     
  -11309.5914559850     
   2843.81613967750     
  -7954.45900554190     
   3392.54266690840     
  -3769.97008763933     
   12228.6120986310     
   30876.6525618388     
   8082.02663456615     
  -8090.35449699203     
  -11382.1288268411     
  -6653.47090286795     
  -4048.39539955188     
   5950.87929882144     
  -8188.84871128221     
   1714.41614521185     
  -2622.18125033305     
  -592.330632646532     
   1861.53649395529     
   10538.2840968263     
   10764.9797080855     
  -6852.45516844200     
   5669.36376560676     
   15587.1022101453     
  -3597.85083906126     
  -801.241568405184     
   774.004572829892     
  -6657.90655990433     
   12279.4823700181     
  -8813.03102082935     
  -2367.27030440425     
  -5006.36313072691     
   21568.3069788098     
   1229.73392883448     
  -15721.2128323207     
   2750.73667510229     
  -23394.2557099965     
   11297.9276193208     
   10830.3494990939     
  -1771.93414445673     
   4856.83097415786     
   4072.56107355939     
   6563.46922893379     
   509.474711714174     
  -5367.40009343191     
  -5027.26685017067     
   4844.66768193536     
  -7821.33989885807     
   11715.8428027691     
  -1014.29120306730     
  -1491.00491483755     
   8532.66216009391     
   4430.97142232314     
  -9120.65328969934     
  -6210.86409609021     
  -2715.15858004419     
  -16377.6121206303     
   12286.7053491946     
   1566.30176581831     
   1483.19840481547     
  -3159.06764904284     
  -2251.29517466912     
  -2040.35541910368     
   567.270928606591     
  -5656.97148068538     
   3306.00057119395     
   7053.98154066437     
  -5559.41059496154     
   3390.02550629809     
   8819.30042322363     
   11621.4419055624     
   3477.99073951371     
   3968.24722887590     
   6760.72065932412     
  -8199.78683784802     
   2182.93978009292     
  -508.181189577706     
  -357.925311184537     
  -541.443125670330     
   10253.1728026409     
   6011.79101120967     
   6057.48590140469     
  -963.507894731587     
   5678.18313839835     
   383.254685015145     
   6195.53815460919     
   1223.80647950806     
  -8991.36591641512     
   6705.96336730498     
   4249.77887174624     
  -466.361199732714     
  -8315.98648284536     
  -5888.18823243562     
   14090.1636350343     
  -1414.21639036066     
   8184.93711664678     
   24045.0631936094     
  -4469.48828787415     
  -14130.4675764947     
  -7348.91387784741     
   5817.49406994473     
   6267.56450134970     
  -4869.80396885304     
  -5174.29915331013     
   6919.30990680717     
   3872.64749331842     
   1388.45789610168     
   292.935661468020     
  -12240.9354650428     
  -5982.40221300534     
   6323.90813238067     
  -11605.7067982342     
   5656.46686703823     
  -9536.20403731612     
   820.323200814189     
   11296.8652476770     
   3537.79690638342     
  -2983.05869675277     
  -6591.43370632824     
   910.592142502271     
   2827.28099050268     
  -7848.40300668540     
   5141.98655773138     
  -1438.25477641345     
  -4158.15802568560     
  -14731.7792455382     
  -2737.78603966609     
   26498.9730977645     
   3955.48411056767     
  -1925.39532673410     
   8781.18932104748     
  -1618.16533606763     
  -6621.17636795345     
  -9525.05333730086     
   3366.81353696386     
  -27599.5084148550     
   2495.38892327484     
   1635.67478253688     
   7355.44333305940     
   19126.7133926141     
  -7485.10303920326     
  -4530.25396714098     
   1108.69609568375     
  -15047.6094656736     
  -9511.28389521547     
   4707.85175079447     
  -3587.50110156825     
   130.421778370277     
  -3944.16643750848     
   4442.28831915596     
   2194.11832427379     
  -2676.69919830204     
  -7539.48271170139     
   8002.51495768972     
   4028.25182236309     
   5574.56913667236     
   35.3661736670338     
   12629.8738368783     
   1640.67526982376     
   3951.90128233161     
  -9344.91839189710     
  -11494.6477834134     
  -719.312266964039     
  -732.705203410309     
   10317.8536464664     
   5237.44453004898     
   5536.91822143164     
   14264.9125358439     
  -149.080258058257     
   5264.15305989034     
   10137.8164405843     
   3200.06682620652     
  -13250.4188854148     
   19152.8086137312     
   5675.51370446749     
  -14366.2954860069     
  -11686.0578612536     
  -276.462287461968     
   1857.41008985824     
   12277.1110685926     
   3937.13280216544     
  -12313.7551254693     
   2550.16237824703     
   6179.12601403125     
   2375.37568151446     
  -8098.88521892092     
   7737.05393681923     
  -6990.74300109538     
   14884.9561781275     
  -2465.47598435484     
  -346.943453137829     
  -3224.98644118622     
   8898.58300290604     
   14455.3692487785     
   9065.97197417962     
   2064.68585626950     
  -708.706174438902     
  -9413.19128893381     
  -8276.75843119278     
   3659.34540149803     
  -2317.79871627917     
  -9967.33702424688     
  -4645.12577868346     
  -12830.5763066302     
   16717.2912071828     
   5453.77207612963     
   9454.27689034181     
  -2022.81251299246     
  -2699.34358117653     
   1053.59263914080     
  -13299.3686102728     
  -244.285991024864     
   11638.2321147908     
   2048.14531434472     
   4834.31154584156     
  -2260.02930918350     
   3878.35950363075     
  -1169.98482716391     
   8159.38776493292     
   6334.24823783249     
  -1453.67223476810     
   2628.41255853353     
  -3042.81075806894     
  -5074.50881192944     
   231.818930898444     
   755.964492211499     
   6855.73485635758     
   6228.35591468028     
  -3856.38740004583     
  -2033.22782426403     
   6469.10351975813     
  -956.438575838866     
  -715.021156004743     
   1134.93676964422     
  -2671.01454181399     
   1612.26665737103     
   469.749268691050     
   2069.93318114942     
  -4533.97854282681     
   3436.99668202490     
   4182.26508151341     
  -4397.42350895320     
   4880.39322641344     
   3945.67516403141     
   8525.11484972407     
  -8015.91226931692     
  -5487.65483393753     
  -4285.31534565464     
   517.877981324764     
  -8536.01755591444     
  -2044.15672209269     
  -17592.2603145071     
  -5627.01275894335     
   11055.5641581233     
  -6446.67116097463     
   9274.82756808821     
  -3259.94139544212     
   2949.52088151233     
  -1917.30215000696     
   9346.54914373501     
   444.121199313518     
  -604.499089318900     
   996.007687679924     
   7566.35686101479     
  -2467.95035372796     
   5685.50009755785     
   2690.12157409341     
  -5868.05020243765     
  -10968.6411481526     
  -3853.64714498833     
  -12857.6529603679     
   4423.23566395881     
  -5603.74954979685     
  -3942.72393331865     
   4458.85508418493     
  -2975.20452659529     
  -17821.0362382271     
   456.386922805641     
  -17617.6637354430     
   9948.39086939451     
  -183.160872288366     
  -2321.87396787808     
   3840.47035090629     
   5524.11234774308     
   3357.46173798933     
  -32708.4048590007     
  -8240.62154267200     
  -771.575384734616     
   672.131096824332     
   970.939925479604     
   290.849062688178     
   2958.94496700082     
  -2456.23609639668     
  -4738.90941196843     
   1748.34502192765     
  -15220.9263515204     
   13273.9390127283     
   2500.64110874651     
  -2195.15190884600     
   3575.45701489784     
  -6723.68889486955     
   8734.12565265821     
   10322.6309884730     
   1989.06994200562     
  -2235.48104580486     
   3064.95276316283     
  -8028.08989689142     
   179.186171479030     
  -11253.4954177244     
  -6351.51583919176     
   2672.10261267953     
  -409.872318281892     
   18555.1302035396     
   1246.25024818814     
  -2831.26843665088     
   1873.71209438214     
  -3530.81712741778     
   131.935236123337     
   2958.23552304416     
   6448.87641245097     
  -744.157696723683     
  -3754.35148379077     
   1405.44501282237     
   4182.45605377900     
  -8140.69726122588     
   3023.16131172961     
  -8545.25181285060     
  -3768.73758177087     
   1618.68926538286     
   6333.41529985515     
  -4911.12175540784     
   8413.06066471258     
   2853.29560937105     
  -19103.5215504568     
  -14884.4657039315     
  -14566.7801263239     
   5416.63127346975     
   2331.89808587333     
   13827.7139637549     
  -2017.50475425152     
   5339.51080260000     
   11933.6391760543     
  -2475.30223371849     
   5239.68294221408     
   6528.77475054352     
   9176.82312700535     
  -394.350879466402     
   14173.2441649509     
  -7520.14615469458     
  -231.853018947351     
   13274.7930133032     
  -4082.32314566467     
   20496.5435418783     
   5329.03609911607     
  -555.813684007047     
  -8344.19715148563     
  -8160.56750978661     
  -4358.73450233341     
  -2391.73794747518     
   10596.4536944207     
   2020.24850227365     
  -6530.97230127954     
   5780.44757499366     
  -5277.11406709966     
   14740.6534137490     
   1985.65588035325     
  -9045.76307265966     
   893.043663839118     
   7163.76388588260     
  -9150.37771056358     
   15879.4581008326     
  -3010.20722275054     
  -15457.3452456259     
  -10039.3522294411     
   7151.25891253028     
   436.723043413966     
  -12890.5696759522     
   3974.44273919813     
  -7566.35385134297     
   2163.72631696377     
  -1907.34476780607     
   1022.51940048685     
  -1010.60115336143     
   9190.91588210536     
  -3680.82422957117     
  -1294.11719494710     
  -4042.29087333907     
   10788.1596827630     
  -8987.80946776757     
  -11355.9636854432     
   1703.50987098298     
  -15845.0308581276     
  -7028.57022571749     
   5233.58356487093     
   10494.3489631523     
  -2848.88605485753     
   22204.5011172290     
   12299.9378232975     
  -10681.3702879606     
  -9773.91272476869     
   1702.09472721772     
  -7207.80022133642     
  -16410.7783021690     
  -741.792385936515     
  -6712.40197415527     
  -7775.47849958395     
  -4866.87578304446     
   5916.29308851964     
  -5854.56156387798     
   15318.4352878234     
   19998.6088457839     
  -7078.49115712819     
  -20368.1434876584     
   2849.35906768394     
   7964.97230883420     
   10610.6127776901     
   17312.7315234585     
  -8681.96295782697     
  -8392.04069228742     
   518.747158005125     
   7657.12456202067     
   9028.80905844358     
  -12895.6083425457     
  -3333.03837682803     
  -3409.45169462347     
   514.361996358899     
  -8421.33047159316     
   8722.40925005073     
  -13907.7061096340     
  -7392.25227064409     
  -8207.11007394886     
   7337.15961201511     
   24909.6257726806     
   29456.5630141095     
  -550.694087399284     
  -4258.82548649944     
  -829.929386794349     
   4373.30509114017     
  -3947.08207937718     
  -9867.22559822699     
  -35114.1319640914     
  -1742.19607162373     
  -6479.70014844514     
   8962.52002623837     
  -333.094895680427     
   6385.63413294898     
  -24863.9098709420     
   9105.97601304627     
  -4427.22902799781     
  -3113.77892318189     
  -4161.90687012421     
   15881.5006015951     
  -8705.86003248063     
  -79.8421437182393     
  -3327.26389380149     
   6700.44726674905     
  -1479.55586735850     
  -5692.81463096725     
   10079.3469686806     
  -16664.5904955666     
   7324.59165486183     
  -14665.1733381040     
  -9016.06678900240     
   1371.20251086883     
  -6089.86981748525     
  -19930.8208093658     
  -8103.03691173307     
  -27694.6874678562     
   18833.1533808173     
  -3222.88203186411     
   15769.0091006799     
  -15870.0758071743     
  -10798.4517057221     
   11514.0386910550     
  -12040.1449867129     
   4472.06329218030     
   23412.8066346059     
   6212.86428896591     
  -7201.77744058086     
   13637.7020086251     
   1414.23302731149     
  -3968.98019041330     
   5056.57713518415     
  -10569.3616132995     
   15052.0318114496     
   2419.22080904953     
   874.491728215887     
  -5944.94389958781     
  -822.094279222942     
  -9225.12656997694     
   8652.98346034465     
  -3197.83122303991     
  -5014.23772723095     
   22.7730191678074     
  -12255.7213258785     
  -3019.82138066382     
   1675.33479403941     
   3909.87766366581     
  -2129.38482533707     
   2878.35967019281     
   5455.62893374149     
   4276.06805253027     
   10514.1010986107     
   4421.79988947296     
   11186.5081852326     
  -1137.93678518920     
   15296.1821675579     
   12048.2913647538     
   290.418444209533     
  -782.665021958409     
  -2687.97465252433     
   10674.4227152077     
   3170.00165485819     
  -12519.0654098095     
   6306.46789160832     
  -8845.92261820429     
  -15898.1842844917     
   18832.5084351934     
   7503.90567719687     
   19147.7952519816     
   18871.0503488442     
  -1920.82724797486     
  -1700.68840958744     
  -1699.54168811617     
  -8489.36142740112     
  -1330.91657715112     
   718.924269782983     
  -17489.0167644119     
  -7763.60780750620     
   7267.69777848211     
   698.588470712142     
  -10303.7343914837     
  -7000.87325085912     
   8444.77021274599     
  -16923.0892429740     
   20857.6522144386     
  -1700.67338246377     
  -13733.8970766395     
   3394.50144252028     
   9057.69092540717     
   3845.70493563340     
   10412.9580850979     
  -15743.0712979311     
   813.160300616174     
   24.2566228833834     
   2943.71380767079     
  -56.2976418865780     
   17477.1149701318     
   3849.16288334117     
  -1543.13994950030     
  -20734.3109232056     
  -4769.22586377129     
   7196.23838362885     
   5800.79757416350     
  -3034.39511989406     
  -1531.07992366979     
   4384.09586489750     
  -5361.10920002606     
  -26043.7475954840     
  -11329.9178347651     
   989.016148942818     
   3323.01844249897     
  -2872.22771754224     
  -1932.21475094519     
  -1984.02062790305     
   8881.86217439390     
   7858.82220100835     
  -8977.55900953094     
   1762.98413548961     
  -8706.07609697656     
  -16493.7307302527     
  -1003.99894255013     
  -6483.46817181746     
  -2186.59744443065     
   2007.57454675818     
   633.882138898435     
   4082.47951159328     
   1752.02132016270     
   5909.36459396634     
   27395.2929765616     
   4223.49965854594     
  -6247.14709757480     
  -5636.78850835107     
   12031.9951766959     
   7262.75995195640     
  -282.722959132400     
   3940.11224345328     
  -11299.5812846596     
  -1233.46954102735     
   4080.42651891415     
  -10751.9949566419     
  -3421.76013690693     
   1815.65188927307     
  -8427.91012048982     
  -2284.26464610320     
  -3188.45209281011     
   138.579007228795     
   9570.88848567703     
   13071.0944244339     
   13262.2298102935     
  -2310.34275946928     
  -1132.68695259665     
  -3139.39987517765     
  -717.183698015152     
   2382.54452712879     
  -9489.52110233680     
  -1630.37044999398     
  -3377.35098594677     
  -6965.83141494485     
  -1250.55356378430     
   156.062403112750     
  -32954.0354994932     
  -11537.7146553309     
  -9094.39752283904     
   19953.9698314235     
   4045.27855047803     
  -6814.94441360596     
  -1114.13750974703     
  -335.995421846868     
   8796.24735432803     
  -9508.63528257614     
  -9460.48081149882     
   1189.13433084593     
   10240.7196580829     
  -18925.7623999172     
  -277.451724796114     
   1547.12335684790     
   1197.46227049186     
  -4874.11711981719     
  -9447.50546550099     
  -6590.35792163953     
  -7083.63461707165     
   10753.0714623420     
   2598.96731955236     
  -2382.34160686639     
   3652.69933984985     
   15050.8074444040     
   9492.97696066504     
   1420.84508251397     
   3666.05382602289     
  -11002.1897601965     
   5603.18582203688     
  -4161.27839054359     
  -5290.49444480186     
   15127.8483513694     
  -7098.44257960500     
  -4015.09314366244     
  -3195.88194103873     
  -5994.84182744563     
  -3812.14799846167     
   5530.26076837177     
  -7480.11185721942     
  -14421.2413616677     
  -938.812149202018     
  -8579.31660467631     
  -5420.81947069152     
  -5277.90757594788     
   264.326937855383     
   704.785594306127     
  -1723.03250453882     
   7966.80971890913     
   11301.3529784676     
  -2337.65823079467     
  -4798.24353998957     
  -1655.91885537637     
  -9148.96455532440     
  -23591.5032731993     
  -11868.8498403339     
  -3710.66550872525     
   8028.63699898993     
  -841.749064526924     
  -26117.8086933777     
   2520.23650908974     
  -2626.96302963894     
   2895.55847994298     
   2911.06599316159     
  -11122.5887594743     
  -10117.5043900038     
   6628.08853008727     
   10270.7800644558     
  -6888.13752204928     
   1242.69752164002     
  -4683.94697614159     
  -3667.67410388776     
   17798.1880466817     
  -12134.2855090857     
  -5364.14160723594     
   6204.59988305924     
   2061.03178335639     
   11377.7551680300     
  -4004.81766300304     
  -3141.56669631865     
  -11859.7966645173     
  -4668.63507931828     
  -2609.88835076484     
   10347.4592521729     
  -2606.80335758235     
   22608.1127727235     
  -7461.84202453778     
   196.175114120041     
  -8446.35274290589     
  -6634.33839364824     
   2440.62977572356     
  -2348.32602759084     
  -6371.58397519084     
   7743.48547736625     
   3479.25737649197     
  -15699.9268831270     
   626.459625184799     
  -1533.75191294980     
  -2480.69248378684     
  -5970.50882955027     
  -676.297757166517     
  -9876.43046510351     
   2028.20261190438     
  -6510.31495842362     
  -10809.1147930727     
   7282.72224365606     
  -7449.85346178720     
  -8613.72358770695     
  -8543.02003010192     
   4841.85816393136     
   2766.33845787350     
   1462.15610573486     
   643.254595083467     
  -15270.8942851210     
  -6856.20661974304     
   7147.07732046572     
   3014.99983043460     
   929.246518043722     
  -2155.92738250891     
   5266.58162769707     
  -11703.0612119057     
   6236.96102524214     
  -3444.61446061386     
   18546.6346135058     
  -5044.15603308716     
   3764.53631191516     
  -14744.2963925761     
   6011.09220231721     
   2286.80236708773     
   7242.44447745345     
   1957.05664866985     
  -224.083991039662     
   5014.02936575433     
   919.195659349700     
  -4021.48161502748     
  -29059.4806909889     
   6568.12151758534     
  -550.869759959657     
   7133.97565812329     
  -11886.2111852490     
   3807.97184782210     
  -8346.12987680909     
  -2846.03202788635     
   1599.22717799375     
  -11141.4607586626     
   1574.10969086759     
  -2224.67250488034     
  -1591.19970209636     
  -1656.95848333477     
  -10712.2930514936     
   12179.9407025570     
  -8952.03591252583     
  -23268.3055181624     
   26224.0033865656     
   1914.34843463406     
  -915.298711924921     
   8666.05649083674     
  -5052.00110885131     
  -1859.95326730797     
  -10419.9000548854     
  -9607.55369605340     
  -15998.4750074540     
   7482.71566007231     
   641.512297715873     
   3099.10333960381     
  -11075.5551238478     
   387.230904484609     
  -440.297652999000     
   5929.45779046552     
   1980.81931969291     
  -4660.42098356021     
   2380.28290027994     
   1226.47159442590     
   2767.54259395267     
   7082.15038534047     
   6320.33303645104     
   338.286899519832     
  -4789.28817981066     
   2895.81322600663     
   1337.63861490263     
  -3223.94853558455     
  -11479.2157789738     
   8.87037370210055     
  -1013.49327988566     
  -1750.32628820659     
   6650.62353075878     
   4361.84959978543     
   3067.51750877167     
   3061.29507705854     
   2412.46206567306     
   9867.22278036409     
   7248.69626268495     
  -3629.87042335906     
  -10624.0426721658     
  -7901.17841180954     
   9432.38357197361     
  -13170.8154832215     
  -4905.47731663369     
   6878.48794653297     
  -3839.54937423588     
   5540.94176927642     
  -1911.84892783229     
  -13449.9723481229     
   5374.41975756780     
  -3750.83541133798     
   8143.76472797878     
   12630.7869306718     
  -8460.23623162989     
  -4921.07577264851     
   3299.87102866793     
  -15449.7802648440     
  -12580.5783123037     
   15250.0525349107     
  -23014.9686258491     
   1618.58144127150     
   2357.56887871132     
   4503.21218474074     
   12387.4511472488     
   6535.19843851887     
   4513.13535585779     
   24993.8652128704     
   10212.4066306634     
   27354.2520384602     
   18623.0656195979     
  -2982.12507912314     
  -27415.0183468439     
   3239.54044345460     
  -3054.27344899365     
  -12384.2681837366     
  -2571.44954306922     
  -6397.57482873678     
   1804.93057509760     
   12275.6543916339     
  -1097.26492333772     
   3722.41820005886     
  -9999.11309302966     
  -3637.84473971075     
   829.409463505152     
  -15667.2676849591     
   2537.68263790124     
  -2045.83204378155     
  -2510.11707640864     
   7717.26957312549     
  -11780.6325184708     
   1015.49414298434     
  -3649.70335091417     
   5815.42968706517     
  -3402.07506682941     
   1596.07781860898     
   13306.4211214452     
  -17096.4639839406     
   1581.65770372634     
  -4747.37621400874     
  -1888.19807720385     
   2654.25033440129     
   1626.06931018656     
  -2098.21492466037     
  -6932.58809381935     
  -2752.76668910717     
   2849.59565920986     
   5281.61013277578     
  -8894.15496375023     
   3695.67204621463     
   2126.34830109008     
  -9043.20707021364     
   4254.19635351573     
  -1028.83487442356     
  -1059.58425979604     
   7240.01928797806     
  -6806.07771347726     
  -215.609301004948     
   3335.53861293971     
  -6982.07418921228     
  -6620.98112957519     
   7811.13767001238     
   9275.46788203312     
   284.250038876337     
  -583.272827905460     
  -5468.89551050509     
   70.7747094318811     
  -1067.98578924125     
  -12217.1992288059     
   10753.0211757848     
  -4204.95642595946     
  -5402.95719349614     
  -3196.22676729426     
   7701.05707441606     
   1242.02671698820     
   777.691672988380     
  -8512.34376004127     
  -8841.23086350031     
   4963.10885195058     
   7330.31031207290     
  -107.899440560083     
  -8616.76698891447     
   11085.1907379798     
  -10917.9744828395     
   1134.65732594767     
  -784.330769841354     
  -10764.9085483212     
  -4997.50176289190     
  -4996.37368861614     
  -1737.24393031214     
   3999.59811805536     
   2584.57165815134     
   2960.58700023112     
   3698.77105324411     
   1565.59379729834     
   86.1918415423478     
   8977.75800509086     
   3219.14609460955     
  -1487.27613628105     
   1513.68638809912     
   2534.89086206062     
  -262.426590311447     
   3211.22614074294     
  -14395.0407698682     
  -6057.00203719009     
   9853.28524609911     
  -14339.5997223000     
   21089.9954862691     
   589.626344146340     
  -41430.2437699938     
  -8830.11153983076     
  -23949.7200018550     
   12099.4193000751     
  -3545.85207386379     
   10023.0435255836     
  -10391.8094851083     
   3218.62634284944     
   321.644097722274     
   1136.32701818112     
   10237.4879759778     
  -39987.4605389714     
  -23735.2907035070     
   11911.7872864602     
   7638.09621933967     
   12263.8195078316     
   1.78306747414354     
   4123.41578118623     
  -558.901577209821     
   5140.29185819086     
  -11998.6565122013     
   1779.30656516820     
   26355.3693427223     
  -8501.58246386787     
  -2571.82817059454     
  -9617.53500317781     
  -10745.8484925419     
  -8546.42884660257     
   10170.3515081105     
   16516.6971002997     
  -4887.95839225228     
   686.143390985620     
   1077.62244163922     
  -1552.46822960367     
  -3952.88151059414     
   729.382373456124     
  -37177.1077193958     
   16951.4411639586     
   2963.84762233413     
  -8512.69266209372     
  -7717.69388409250     
  -35332.4249474832     
  -23514.8321602655     
  -776.294874366551     
   16169.7766601036     
  -1588.47787386347     
   997.773175284953     
  -5638.98558601870     
  -6738.20183735709     
  -6710.49650415680     
   4847.84555087449     
  -3535.79192559715     
  -5289.71424279869     
  -17282.3827943931     
  -3093.38483087075     
  -2074.80701742267     
  -204.741298199971     
   9480.99297869302     
   2482.21689244989     
   2097.09977796166     
  -7839.58924933421     
  -217.645538189566     
  -5789.19889943822     
  -2470.82849765127     
  -15593.7268491985     
  -4977.85452932726     
  -7680.22468718845     
  -525.242084061155     
  -2851.17556908021     
  -4332.45615888604     
  -1378.23883973763     
   1224.31101656641     
  -2127.85120187690     
  -4494.24636881810     
   2431.10462430219     
  -750.562711497899     
   2440.39749027289     
  -1056.27646113118     
   1474.92547546236     
   36640.0374241775     
   3074.46234828471     
   13457.8739159090     
  -4303.29362376840     
  -2537.30662974930     
   2433.52725063734     
  -2118.24804013162     
   10698.9057992020     
   3724.86961533830     
  -3737.26636813356     
  -279.725901770401     
  -5378.66258822208     
  -1924.66604656421     
   719.376579576689     
  -4865.39969742237     
  -6630.10911078775     
   16499.3042515143     
   4656.96154600470     
  -705.292754536084     
  -4370.17965787637     
   1583.11622002717     
   1864.57124634015     
  -6511.04508636952     
   3681.02973460774     
   13419.7129109840     
  -6039.12464791124     
  -1918.52336652269     
  -7133.80463158188     
   700.462118237779     
   1984.67216494382     
   3499.06728461687     
   9382.78359311933     
   9792.20160091271     
   15952.9369432251     
  -3807.91688405280     
  -2912.14010524605     
  -599.388797686451     
   1141.10428301377     
   2244.75896955745     
   2118.31149262634     
  -7790.74902901396     
   3265.22472849518     
  -11301.3882698801     
   5053.97324623702     
   11.2022648030693     
  -186.788072153605     
  -6993.01810983487     
  -1255.20365117141     
  -5459.98099833871     
  -2285.30230956703     
  -323.877639985492     
   4436.41867338230     
   5101.37924916778     
  -14208.5310658706     
  -315.890624745166     
  -4690.64829905040     
   21572.4244913422     
   3956.12272150043     
  -6792.26226463325     
  -12767.5748702690     
  -565.865627754573     
  -5546.53215482644     
  -1393.49440102307     
  -12867.8147284781     
  -1742.33330690291     
   7455.56314966167     
   7166.93065135729     
  -5142.21214959685     
  -6253.56675945429     
   7294.01186324803     
  -99.9130718571168     
  -10960.9473897638     
   2838.13877902795     
  -1048.05969643037     
  -2102.59827709616     
   2460.43573798481     
   316.863906403602     
  -1286.27581624949     
  -4768.34156368778     
   27264.8790922700     
  -3028.65034024674     
   13819.5760481791     
   13118.2886550133     
   6218.54092574930     
   3922.59835369031     
  -6137.56254849135     
   3049.02096316742     
  -20523.2631437084     
   22328.9023043659     
  -2428.53680860346     
  -2044.41706168596     
   91.1809913180407     
   4204.88839969501     
  -3797.36672292703     
   6642.97636818940     
   6238.80304179714     
   8333.99697803892     
  -6435.43156288103     
   9158.29630230536     
  -9240.48807660253     
   25317.8360130493     
   6728.45998335309     
   1702.44846384768     
   13643.6396094861     
   2764.53920282401     
   5033.30027180125     
   3565.30818433298     
   7416.65007424909     
   1013.75005895346     
   6667.96449942602     
  -3682.26852414536     
   4120.92516688191     
   16662.5208668533     
   3651.22660489081     
   13076.0015416607     
   7511.35980774019     
  -3345.92846457463     
  -6149.14439828600     
  -3554.38624539085     
   23758.4418028934     
  -1237.05461466635     
   6508.21709356742     
   5243.68485832655     
  -3524.42887192750     
   14798.7670974725     
   3673.73101368537     
  -2336.84437833549     
  -4089.17947940098     
  -14956.8942188794     
  -14702.8137259318     
   4531.95800447296     
   3224.96366894051     
   5516.29021098757     
  -6663.34734485136     
  -4528.99033002045     
   12958.5944116194     
  -5547.50665458806     
  -1904.64507281024     
  -3957.22356912742     
  -4224.99380614189     
  -13130.3781000148     
   15161.8530909389     
  -7437.04405374712     
   2399.04635333235     
   5834.70258862077     
  -6788.92662796352     
   3862.13237278947     
   1341.51442822093     
  -9037.28096364803     
  -3414.33152523084     
  -2177.04838506725     
   5443.77427277936     
   1132.13613069479     
   4168.59894878958     
  -5407.56370115148     
  -3751.85337479856     
  -2407.53502131485     
  -10237.9116879446     
   6935.54795210652     
  -2022.14740805443     
   261.137206691534     
  -3091.72772593770     
  -11429.7145582889     
  -11687.4877541590     
  -4674.89135315174     
  -9737.67989956813     
   4919.72793880331     
  -9018.48252246050     
   2932.65305872568     
  -3887.03267572224     
  -1268.37791868746     
   2063.47885554112     
  -1472.14287145043     
  -10570.5371902105     
  -6022.28332609161     
  -3790.86261848716     
  -647.871493167540     
   3711.03556425215     
  -2073.16073646485     
  -5432.72968659439     
  -6132.49396358082     
   2697.68047272188     
   8831.24180128029     
   8172.19307409258     
  -9780.03481654316     
  -6226.53715111177     
   5667.33448396381     
   7974.96046393728     
  -620.360294755694     
   13211.5213895586     
   4120.28953212556     
  -11695.4322224028     
   7881.03874395502     
   26037.0367327637     
   5010.14662388545     
  -9019.02279715948     
  -5508.74815191191     
  -4198.73976458724     
   7956.60968002830     
   17201.3430111964     
   2511.83758788978     
   6208.04038376712     
   8297.92119598074     
   583.444385848392     
  -8063.47745862581     
   6087.24051728249     
  -1018.92157348588     
  -3200.30351629328     
  -1050.01120498839     
  -4765.25951341439     
   7592.72142396033     
   54.7053758043423     
   2089.97036326185     
  -5960.42085449929     
  -5366.57706330947     
   4302.48080385023     
   3709.72682022584     
  -6758.55750271036     
   5932.29237037171     
  -9266.84440795431     
  -8086.13291137058     
   6137.56332476723     
   6886.28073754081     
  -2476.14688640485     
   8574.87444318391     
   1093.79058610266     
  -9868.09987383156     
  -21408.7128125051     
  -163.627097750987     
   7729.99518025963     
  -948.240721154085     
   4255.09638966502     
   2295.80229824152     
   9693.12443965360     
   2088.78345698679     
   2312.91231023048     
   2658.07012881249     
   12053.0725812510     
  -6249.24904705787     
  -8839.87626738602     
   14340.6045406589     
  -5701.59470864767     
  -1038.87243837031     
  -9463.87079551031     
   19365.8960566771     
  -15902.8579484423     
  -3594.81315852536     
   11250.6206219087     
  -18247.1397988141     
   6372.82236217459     
   4302.89068119511     
   8808.54349824301     
  -7037.81425581994     
  -8932.63951176542     
   7417.34217605142     
  -10076.2251955896     
  -7188.09478526432     
   2867.87789417773     
   3760.38978781931     
   14403.1240369438     
   6622.96131258460     
   22261.4071406658     
  -3233.97432377663     
  -2316.70468707912     
  -458.141950043534     
  -7214.01931883664     
  -3687.74695312579     
  -2794.70179821678     
  -705.057097449742     
  -5827.19853079419     
   974.870713925938     
   5407.00550365107     
  -5707.86286215996     
  -1544.54994805655     
   2944.21626029454     
   5226.43274874294     
   6823.10775000291     
  -268.969447664391     
  -371.142311412375     
  -867.118344898164     
  -9387.03039759267     
  -8241.74757079740     
   9397.99647577042     
   2745.38480854513     
  -10628.7640455917     
  -8270.39726659616     
   1495.82599926769     
  -2155.64328254828     
  -12431.9198827705     
  -4298.24314718417     
   862.853179478601     
  -2485.37524826629     
   2623.84956385466     
  -2785.93923413180     
  -13901.1410308190     
  -9805.29962171640     
  -7685.80405402177     
  -12505.4675133044     
   2667.92928139994     
   6537.35312235627     
   10653.5164497743     
  -1231.92922245287     
   24514.4962737247     
   3748.89099534262     
   2714.38476446602     
   4456.81742613088     
   7577.57240269597     
   2658.63651009708     
   8715.07875487435     
  -9941.50563388834     
  -578.524254643849     
   4478.59357865278     
  -2995.84078883939     
   2203.72040077020     
   4625.38381991872     
  -5723.06747043962     
  -14387.8078187889     
   2793.82927893932     
   4437.60669924929     
  -2534.41330965879     
   7912.14166741670     
   5964.82358761918     
  -2007.39284437933     
   12488.0260650963     
   6112.19444427833     
   5009.60317935799     
   4967.95084539566     
  -2111.72659952096     
  -9736.48986555751     
  -8262.76160886247     
   5010.63736891854     
  -12860.8122635951     
   6148.37145959273     
   899.759655069302     
  -2484.14293290788     
   16171.6609448006     
  -3424.15451141859     
   18141.7779327566     
   861.899940985828     
  -5015.12330744908     
  -2670.53246711581     
  -392.118597581512     
  -9449.79400800900     
   4060.80554364673     
   13896.3268529104     
  -17197.6595384179     
   530.939415631105     
  -4798.07474097050     
  -2702.08643575296     
   4285.30796242428     
  -6921.80033361097     
   513.347330909407     
  -10702.7702171452     
  -21711.1169843357     
  -24199.7812399029     
   4178.95670295325     
  -4429.18393137177     
   3021.73938175233     
  -4399.33044166930     
   573.133906291960     
  -6628.66558487127     
  -2469.59171711275     
  -10128.8763707607     
   8452.66538957996     
  -9954.17990015981     
   735.964891862162     
   2288.32345164835     
   11440.5641447106     
   4876.70537270734     
   8670.71314253893     
  -4659.65572658716     
   15002.8468151302     
  -4092.94108106123     
  -4004.41279183153     
   11913.1650597329     
   801.214392417936     
   4295.99588161174     
  -8577.59922059161     
   13316.6162817795     
  -9068.38127757427     
  -11933.4263624469     
  -4354.01903944689     
  -548.355898840597     
   3575.16468400372     
   1714.30799990336     
   14465.4187075342     
  -8296.63859988275     
   9004.33328461710     
  -8962.90745188462     
   1834.93852535878     
   8096.17626678145     
   8247.70014156307     
  -9803.58837509319     
  -1106.64709336303     
   8837.12576927682     
   2285.93053426618     
   19201.7001973665     
   690.711660260800     
   2004.38730562203     
   1320.63025413650     
  -2921.23827509161     
  -8796.08076502398     
   9318.75496864691     
  -5417.56926317570     
  -14376.7218826434     
  -8794.70161938703     
   983.831684988576     
   354.658645078111     
  -3489.48361450787     
  -1698.16172029261     
   13372.0538715897     
   30665.9141601361     
   22709.3635932821     
   5238.95147883936     
  -8871.31775937753     
  -6528.82422776718     
  -12599.2842128831     
   7839.84289477742     
   12381.5233690902     
   492.434122082930     
   7671.69255798700     
   2764.25644554240     
   11508.6970246489     
   13024.8970536929     
  -10899.8341496697     
   19630.0873740386     
  -3277.86902742158     
  -13114.8506361463     
   6289.58886530033     
  -1504.46519036329     
   7247.35460452771     
   14016.7932144039     
   3244.72973776974     
  -11840.7578039808     
  -23008.4798153533     
  -897.207729202187     
   5360.75622722054     
   976.491355797871     
   6595.02896981749     
   22647.8804818453     
  -14674.0716783052     
   10193.7182391301     
   13779.0954817266     
  -1803.71343105795     
   5178.51551994056     
  -17862.6059198588     
  -19332.6268392693     
   1900.87847192954     
   14734.4853466420     
  -2392.83855237844     
   6901.67932139306     
  -3732.12623688370     
   9202.92245295949     
   10618.6391533038     
   10246.1641081072     
   4566.70808055092     
  -4969.44478207330     
  -186.232851784328     
   11048.7426711335     
  -4347.88209465100     
  -6790.07750858431     
   10480.4514620614     
  -18042.2404073731     
   12629.5519731312     
   21458.9476026217     
  -19768.6530835961     
  -9357.41589177721     
  -3216.06483194184     
   9512.40267991432     
   17475.3552307410     
   9033.48475485930     
  -10797.2010121219     
   7649.42926071399     
   846.955077809229     
  -3227.38578133391     
   18687.2994989769     
   14334.6848967683     
  -27736.1382147207     
  -5295.35386424607     
   13753.0472260190     
  -6614.06536178549     
   22213.7108051156     
   16198.7269523935     
  -1503.16620634554     
   21454.7476847730     
  -20339.6563276907     
   1553.99269151236     
   9880.55131010773     
   9319.51480488945     
   648.256482250334     
   9185.94281560769     
  -6902.94901968701     
   6387.98524264804     
  -1923.54496211509     
   4562.49074072356     
  -7959.98012576988     
  -5071.43925861978     
  -13440.9004145103     
  -1187.26511531449     
   3197.29253893130     
  -21839.5986297401     
   652.606738263167     
   5768.49688566418     
   303.137026794557     
   2022.65748148525     
   3341.12184983436     
   6177.32896068300     
  -13911.2051643877     
  -14730.2492425294     
  -12911.6251241130     
  -4363.18069807663     
   3704.10027907805     
  -832.497298698258     
   7398.64858641564     
   4278.53774505990     
   14715.1543775784     
   1776.58910014634     
   5099.38098924080     
  -281.476505934901     
  -3033.91104613138     
  -5260.04517866560     
   36420.1507030787     
   4536.46536061076     
   400.336691260120     
   14195.3904977175     
   1411.97880671613     
  -18446.4951480524     
   6919.36988245363     
   12582.2046184714     
   4439.72560503761     
   5133.27506779673     
   21059.9641295115     
  -32424.5136867217     
   8360.49602396613     
   2006.68007032441     
   907.777063334490     
  -2103.13212523727     
  -13439.6974934221     
  -2262.33745378608     
   18085.5094519543     
  -476.481490480433     
  -7129.88218372439     
  -618.727368817033     
   904.105287873305     
  -11468.0274026174     
  -2447.06046398608     
   12542.4773910385     
  -14071.0517080888     
  -8518.07069763286     
  -16.3929475371588     
   2346.01079176826     
   4639.92671029576     
  -5040.83772118654     
  -11146.6155874234     
   470.985334040563     
   8445.82923823275     
  -1049.40823775071     
  -2997.88959958594     
  -6825.28751948011     
   8610.29028797509     
   14574.3493760748     
  -9217.89815423742     
   13864.8185433396     
   12127.1758611678     
  -6990.18709937105     
  -13016.6702395323     
   3596.39699542178     
  -11525.4586614655     
   8.16870997541128     
  -364.475339535783     
   6201.59385813016     
   7870.76084921345     
  -935.947721831433     
   7258.36439109353     
  -8892.50623182616     
   6588.61312074907     
   9110.14387149578     
  -1119.50790268450     
   12660.0105784719     
  -4713.54659604525     
  -1698.68893653146     
   6216.92830301233     
  -2003.45896689039     
   10427.9043620737     
  -4568.04031781593     
  -1751.84766460150     
  -10779.9882084239     
  -3506.87291624274     
  -5526.31620991087     
   2023.74394216413     
   1048.99116071180     
   5129.92865414739     
   13008.6201314281     
   13668.5571768439     
  -4524.85061852034     
   11764.4477682166     
   4043.61074209819     
  -15413.7568107427     
  -10664.2037510708     
   5033.65190902472     
   27171.7705619355     
  -9197.51174430403     
   4539.80916500453     
  -17251.8007007568     
  -10883.8326739309     
   14586.3784279125     
   7442.07293912867     
  -7786.90277699557     
   36779.3909190722     
   27910.4297285639     
   580.805293997741     
   27813.7059184974     
   2078.34235649895     
  -742.631429997634     
   348.914083757750     
  -19812.4427402169     
   4511.39880442833     
   14480.8214722696     
   21901.2703957913     
   3402.10554209197     
   3217.90737294839     
  -13448.9214782522     
  -3495.20460251749     
  -29398.3937674331     
  -3340.48478953170     
   5380.40407647074     
   5920.73263507935     
   13485.4242502990     
   13494.3105456629     
   6694.43236533940     
   11803.7341085091     
  -22119.8208281030     
  -11080.8265424610     
  -6547.27720288071     
   29245.3295299784     
  -2851.00571966976     
   17399.6629290468     
   6787.31248198653     
   10265.8350109541     
  -31998.3285271096     
   6940.86701875126     
  -17790.2744673912     
   4360.27894556691     
  -7882.79128776504     
  -3840.48237070580     
  -17543.6704275124     
   2678.29380876127     
  -1741.41135018494     
  -2496.21744663897     
   996.376983558859     
   47835.9993319905     
  -15947.2203013308     
  -1610.99644416710     
  -4224.19193210623     
  -7538.52617876022     
   11403.4296794624     
   390.657098730961     
  -10142.4606851398     
  -2880.94774218131     
  -15326.5871923813     
  -221.395013169539     
   8541.20446068814     
   5497.26164718916     
   11277.5138451809     
   9167.45061068257     
  -440.164731149909     
  -3254.08589500793     
   4136.53936344809     
  -3030.01619548060     
  -3612.10483802172     
   2528.22430288276     
  -183.870313167306     
  -10666.6392677766     
   3220.59376066341     
   3683.22487718249     
   51.3268958279464     
   11599.6504961006     
   2756.53603336082     
  -923.931982586317     
   6431.03551323483     
  -4587.30697325202     
  -22948.8020909015     
   11325.2541131577     
   21504.5423162644     
   6695.17975345057     
  -2220.69755824282     
   6250.24718378932     
   7470.20148235164     
   1209.30949493308     
   7073.71628799094     
  -9595.72584383165     
   6400.57820252847     
  -7060.39548798736     
   9030.27428419570     
   3187.40885467570     
  -27899.0527525066     
  -10600.4777246829     
   14368.6385001619     
   3289.58847193147     
  -20102.2479686224     
  -6339.26987200230     
   2400.81437302047     
  -17660.3653574845     
  -16928.0496694984     
   1318.04999641285     
   19034.9094148449     
  -15036.3483316932     
   4881.39986358876     
  -10086.6647024495     
  -5404.79948313046     
  -21061.7628096570     
  -6682.28922167891     
   6903.06707835401     
  -8388.42671115322     
   51162.3112927884     
   10865.0237226501     
  -11629.7057876034     
   5603.89720037385     
  -6253.41553650054     
   2304.97268816062     
   3027.48807457379     
  -3807.98409327002     
  -5528.19297943796     
   2557.49033362806     
   6226.88446303850     
   6452.63013216881     
   6537.98883897861     
  -1348.44928920720     
   27922.2773894357     
   9647.87687842256     
  -9865.69080103888     
   8551.52433946508     
  -22610.3270842131     
  -10063.9394987612     
   14974.3369543825     
  -11366.1722778727     
   1887.35427008336     
   4556.59047689259     
  -6667.98606954280     
  -28544.8244504815     
   14797.5857604423     
  -3902.89554910070     
  -22988.9748302490     
  -6631.65989500701     
   1280.70109505434     
   14807.2129794616     
   11748.6919898992     
  -17792.8725895721     
   194.873102433541     
   6147.77417381772     
  -2010.91014531319     
  -20235.9623811019     
  -27613.3941308509     
  -11993.2714440571     
   9742.93964358348     
  -1648.13018593130     
   11263.1622375934     
  -19229.2731205148     
  -20067.7404262128     
   32693.7909744555     
  -20489.8599537984     
  -13307.2723065286     
   5458.80684736335     
  -11049.9985907066     
  -65.3056769140148     
   5992.63090078814     
  -2698.75959867969     
  -11223.7850782565     
   1024.04697599184     
   23099.3415089451     
  -341.278858001589     
  -18256.7928405998     
  -92.7678634012100     
  -5199.30725829062     
  -4026.05784392292     
   13318.2627936131     
   6303.12954682716     
  -2944.46036753361     
  -1297.05713558150     
   5025.90784739341     
  -3888.99418865289     
  -17888.2414149266     
  -5208.93719698713     
  -21019.5405496261     
  -14983.2419941706     
   363.672594845894     
  -2996.72290964622     
   24452.1947176088     
  -830.387398985629     
   5196.96575346088     
   16894.6965999294     
   30831.9671095717     
   11410.4324236714     
  -5539.56851015291     
   10139.7223732840     
  -8712.36630796919     
  -2798.17624657242     
   3574.64259676244     
   4871.57465500234     
   2471.64393102904     
   4529.73515701592     
   19524.7702432701     
  -1559.49714412169     
   5744.97786641798     
   11424.5841801160     
  -8055.36204035705     
  -311.723198998233     
   926.268190631414     
   769.909403424031     
  -19577.7977057701     
   14021.1520689261     
   15082.4606959358     
  -8162.38147022404     
  -9230.47533947742     
  -11849.7918163740     
  -1399.84092008228     
   1687.38294462593     
  -7681.35869507305     
  -18391.4271598763     
   11398.2605253099     
  -30009.0528456684     
  -1566.38025863831     
  -49.3598957185677     
   1647.35886373236     
   19291.0226640902     
   8157.47151820173     
   8180.06441588886     
  -7429.86351250106     
   20495.2666650053     
  -313.022425972006     
   9968.48955133907     
   23809.1725060703     
  -7393.60261134930     
  -23480.0843749154     
   6937.18879715230     
   4573.25124420558     
  -4982.89308717816     
   11090.4304913586     
  -1719.27673359275     
   2829.77646858697     
  -8417.40957813456     
  -10400.5875207477     
  -8318.22249613249     
  -4063.90033694474     
   5136.05806976022     
  -19830.5200452283     
  -8165.63596789013     
  -14958.5454207755     
  -7173.39432411087     
  -6302.31001672636     
  -1534.56219674259     
   3078.57783630737     
   15094.6161793226     
  -2166.02527675169     
  -1734.57690230388     
   17474.6274410051     
   1118.23039370901     
   22489.7471229699     
   21457.5558804889     
  -6612.01428359785     
   14102.3689068469     
   4558.27864096645     
   15942.1771132461     
  -2159.93585436365     
  -12169.1853536805     
   22438.3908961520     
   23284.1520832624     
   15917.0007836135     
  -7992.70520149530     
  -11414.9152234591     
  -11068.1159578455     
   7212.08055100108     
   15671.5378669783     
   1308.78182574849     
   9095.90746266184     
  -1568.86314347720     
   8082.15876792980     
   20334.3476941608     
  -11926.7009915789     
  -5938.06465884361     
  -2968.40682127028     
  -15287.9576806449     
   1647.12925050497     
  -10085.3951027150     
   7003.94638222209     
   14901.1623622671     
  -21340.3985309984     
  -20162.2226601641     
   492.438873568051     
  -14208.7286583952     
   12883.9618219935     
  -5628.34350535494     
  -677.417279041411     
  -8140.10860574022     
  -8544.20280543794     
   10260.8181043061     
  -7045.75232144191     
  -5830.97244612997     
   21823.0324075533     
   13486.8775872190     
  -3684.97937000463     
   16080.4708159411     
   15580.4624465482     
   5813.46602872493     
  -693.238200547477     
  -256.248855027105     
  -7950.61900415105     
   10374.7020249171     
   23431.1947236100     
  -6680.51010733196     
  -6214.36158058600     
   4621.38615167274     
   20355.5144432274     
   7008.99970784796     
  -17353.3250503289     
   15913.6646387141     
   13462.1118865049     
  -10457.9296687721     
   1620.16434846350     
   3925.64603059066     
   26418.8625217817     
  -12779.9151527239     
  -7536.51375321590     
  -19523.5797227789     
  -13474.1822059616     
  -14223.8239682139     
   15952.0368737058     
  -24620.8074104795     
   29140.6864839992     
   9437.98791750229     
  -9431.19270655388     
   2851.55533334937     
  -8720.12279707696     
   13832.9455658681     
  -8705.95328154947     
  -18427.1802469509     
   2576.95751909129     
  -1277.21890955939     
  -8203.06151129599     
   2055.39596524706     
   17334.7558373887     
   7518.52405066768     
  -8243.29927336952     
   8260.58716097366     
  -10311.6810356552     
  -231.427870940139     
   8952.08727910877     
  -10078.8357854351     
  -9255.98572008026     
  -17332.5162017401     
  -1291.85114935008     
  -18811.2079687654     
  -27419.5066372270     
  -105.729737143829     
  -63357.8660718805     
  -20495.6098723165     
  -12215.3230195880     
   13416.1897960992     
   2131.01569528376     
   13808.1871397443     
  -10349.3905788668     
   6110.44844318881     
  -8436.75602135233     
  -16437.6377144248     
  -3596.59168935526     
   22839.3144581731     
   31896.5017113255     
  -5554.18470547304     
  -1532.59010520124     
  -4281.65979005918     
  -5684.80085067585     
   8461.63557819518     
   2634.74283504405     
  -2976.85559266498     
  -126.082052934034     
   2088.52359704476     
   11096.3941300496     
  -9739.26713666038     
   8175.54729063126     
   2968.04619050393     
  -2044.52782736065     
   660.699026299259     
   15407.5303224228     
   20153.7352643397     
   7537.21144791732     
   9616.96593886403     
  -5995.89656326428     
   9800.96406580507     
   8921.95811476739     
   11446.6481711587     
  -14101.5807613453     
  -8495.45485748955     
  -5403.50336564546     
   541.284202666749     
   6196.24930673139     
   23252.5398396967     
  -2283.17610892569     
   11625.0306002710     
   15696.3335816231     
  -1382.50385024528     
   4130.45957636700     
   30116.7412400065     
   7136.49652104100     
   462.790222027046     
   25139.3767644827     
   1217.80543307482     
   16964.0556955387     
  -1720.72626972338     
  -1138.87005921551     
  -1106.67673998808     
  -3108.95365765285     
   2996.04163073382     
  -10921.7886208924     
   724.767450996499     
   12207.3363934350     
   10607.8768375539     
  -12016.9943441054     
   15777.5169062400     
  -30946.6701466230     
  -7726.99940763280     
  -7804.04553385995     
   2895.66313193367     
  -6481.10767034379     
  -497.395063592161     
  -13726.2521286328     
   23950.4048372754     
   8580.39634365527     
   9957.80083010201     
  -4769.58167673240     
  -16267.0816084115     
   7541.61928920064     
  -411.427855402488     
  -8790.49972720847     
  -10088.6199210738     
   5161.87903627135     
   20552.9475345033     
  -76.4297286781066     
   5902.49145943323     
   4441.83600873783     
   18727.2450244609     
   24743.3913477555     
   1871.18700829917     
   2640.18419841113     
  -9451.16766344476     
   7211.36199149280     
  -4200.07705197395     
   7580.30969208277     
   16243.8262631297     
   4376.23885375533     
  -28378.7667862210     
  -10773.3108638580     
   14016.6554747670     
  -14830.3291097732     
   16043.0864557890     
  -3355.00648117141     
  -13069.3191980673     
   18472.2072963682     
   15783.8996437389     
   9404.94972512528     
  -12295.4585601681     
  -2725.57023303862     
  -14623.6045558643     
   21869.3871223387     
  -2457.65872332431     
  -1678.06802272062     
   5242.93749636677     
   5243.89699724198     
   7188.20526370665     
  -20039.0506701958     
  -4030.31354568830     
   2339.31709087270     
   2975.30853070557     
  -721.256153627051     
   5582.17273964357     
   399.409529547124     
   5288.78574354947     
   8922.07649353631     
  -12688.8171417490     
   11734.3184022732     
   3068.18163729219     
  -6451.31533748773     
   4398.75283287479     
   6227.83623753033     
   25653.3329004049     
  -15822.6906200992     
  -12467.0259683137     
  -5706.96359673488     
  -15384.4422497933     
   9283.45753868089     
   3923.35382396332     
  -24812.0354085239     
   17318.4992652070     
   5145.38323479959     
   10042.0810956274     
   1408.66759488250     
  -2532.84217297115     
   39064.5086251268     
  -6962.85093251959     
  -8706.19526881537     
   7670.02785295145     
   14762.6716905555     
   2607.75002290635     
  -18332.1190945074     
   11775.2266541720     
  -343.922574834382     
  -7984.34942278134     
   16147.5231301029     
  -870.133071039734     
   2880.90679826859     
   12419.3126596385     
  -14274.0996435656     
   7527.88502553347     
  -22968.0164222976     
   21274.5978318203     
  -4663.40081128908     
  -17431.5191151999     
  -4858.83737319346     
   11853.7334229328     
   17849.7800133806     
   4650.61738723228     
   13623.9201443944     
  -16732.6671581100     
   5831.13142465431     
  -3153.21961361838     
   40437.2198599638     
  -15450.5848794287     
  -9540.37517962127     
   5245.93288667657     
   1492.55357496996     
   2159.33533646340     
  -26389.8353094312     
   17024.2015037922     
   8506.54694328507     
   3133.00394299050     
  -2642.24738178945     
   1400.97515184783     
  -13273.6171543306     
   404.154990151443     
  -4887.18220101068     
   2727.11291918323     
  -12.3228673517460     
  -796.863069232389     
  -7261.82585162213     
   12569.2422615203     
  -4051.14968504030     
  -2967.81405158135     
  -6095.99127978137     
  -378.811256372578     
   7076.22990013555     
  -835.903175321089     
  -3189.19775557172     
  -605.727159931285     
   6236.80173430181     
  -15626.9755653964     
  -1436.94645120944     
  -997.030988986423     
   11881.3195181365     
   11851.2492738974     
   2263.76809838039     
   6198.99986263064     
   2546.84920166176     
  -13421.9175337078     
   2857.75236310663     
   6293.29648631596     
   20868.0229131768     
  -6468.79667368382     
   7846.12859206316     
  -992.663773908724     
   3117.19007185869     
   10959.8765444422     
   5312.37212744731     
   5850.17850734458     
   12997.7248555589     
  -5034.99053623283     
  -22256.8128130411     
   14717.7383491013     
  -19582.5075879274     
  -17778.0693203361     
  -12999.3490992510     
   17752.1525089000     
   2527.97652021774     
  -40350.3263005400     
   3993.74331481537     
   4068.92003000475     
  -5727.24474736375     
  -3192.72014157213     
  -6510.49119690539     
  -2581.08390767611     
  -2293.31011391351     
  -4803.06407451672     
   8114.55191514164     
   13995.3141405339     
  -15498.6695359243     
  -7806.00346830615     
  -23933.8116783452     
   5853.04712834705     
  -1981.22578964780     
  -18660.4503516155     
   10520.7464503386     
  -4504.70077279367     
   9163.23357665137     
   3479.50390498781     
  -11656.6493296359     
  -2046.55725589125     
   15945.2076942294     
   8584.11491870274     
  -83.9898360245053     
  -6617.23648068259     
   426.220773795294     
  -8781.92688341313     
   10883.2639620893     
   7699.50719002157     
   9763.42222913387     
  -1770.71511025601     
  -1321.35857491876     
   16498.5148303856     
   5427.47235034630     
  -7532.76485551183     
   20076.4046694637     
   1754.31319765389     
  -9480.71121483588     
   16568.5542301744     
   23652.0396374230     
  -7773.13346605787     
  -11071.3005426975     
  -5029.58002812254     
  -5632.29336799597     
  -8399.57536725894     
   1694.67370810877     
   12265.2920013220     
  -5499.53394773606     
  -2380.50327584330     
   17346.3893552455     
  -1854.79674832192     
  -5956.56788683140     
  -548.103623562412     
   4734.47552316506     
   888.719848485165     
   9193.13193608009     
  -18141.4683577318     
  -94.9832504319165     
  -8545.40662690469     
   1796.20645183780     
   9488.93004510261     
   15924.7002175013     
   11672.5655980409     
   9407.02130808268     
   4282.94499889207     
   376.243394169027     
   5123.64037615093     
   2237.72720032196     
  -8916.29101681230     
  -17733.2213651108     
  -14498.9326764694     
  -770.239448785415     
  -3563.19525270131     
  -7775.61449643138     
  -5712.89683437718     
   11297.2263443743     
  -5242.02667138540     
   2302.09859540907     
  -6642.08248631133     
   15853.4133793807     
   8634.79785277767     
  -15919.3740690074     
  -12468.8217679152     
  -17946.0457586241     
  -848.480311750195     
  -19689.9041614751     
   565.173863063514     
  -10345.0568732237     
   3945.16023527674     
   16010.8687838032     
  -7040.34307522261     
  -3417.35588317141     
   8492.14258776513     
   16851.1486315595     
  -11480.9672047561     
   6905.70293613443     
   2109.60180958936     
  -12810.1860483257     
  -15617.1219605487     
   7660.59272400501     
  -3191.82560956073     
   3141.86428220316     
  -4801.51783391427     
  -14236.3837625323     
   7761.39908368405     
  -5888.09292291624     
   13164.7734702936     
   4473.10896121588     
   26854.4772218490     
  -5331.94755275825     
   8421.69224843153     
   14397.6831403333     
   13741.9761596179     
  -2886.25239547867     
   12304.3669664149     
   6158.23412867734     
  -1293.31036778574     
  -8043.87523302211     
   4788.25570753546     
   9262.11167852189     
   9531.41851388393     
  -3130.86489858504     
   16128.3925723218     
  -9136.38337132763     
   20196.1167955480     
   30349.9132796169     
   20468.7476185636     
  -4704.50964020284     
  -5689.71375317631     
  -12621.4193141304     
   3710.34239470440     
  -11538.8391883046     
  -11551.0214937149     
   7827.32923010761     
   10735.2343928434     
  -3386.96672034020     
  -13272.5587836552     
  -1118.31000725117     
   13311.7280540594     
  -2891.34688500501     
   1854.32109964486     
   13263.4349403874     
   788.816812991537     
   249.030716773294     
   20889.8179981579     
   6290.39814020931     
   6856.89739597160     
  -6763.05018100648     
   1598.90382465191     
   9802.74749009078     
  -2153.84763953671     
  -2817.46065281699     
  -7308.58915981047     
   2764.13106954841     
   25346.0962695728     
  -23559.8841723311     
   4131.47781509439     
   8934.92645865531     
   1454.24418078968     
   1547.08914455068     
  -19082.4654606766     
  -3537.70770293540     
  -16967.9311881587     
  -14336.8731901152     
   19856.3041843760     
   39372.0124742894     
  -172.097635215633     
  -21067.7251161014     
  -12769.3299240965     
  -9948.92592345403     
  -14810.3901292668     
  -7132.65569975690     
  -7356.17105504935     
   10900.9460023286     
   16161.8438436969     
   10106.0672095543     
  -915.930073479532     
   8319.30084292784     
   13160.8780831236     
  -17565.9632154799     
  -3786.98835545076     
   1089.56876763019     
  -37846.9895214464     
   226.070734383232     
   16967.1006189166     
  -11318.9301851902     
   12604.1843765614     
  -4948.14002154342     
   6912.27340982920     
   3813.19087178940     
  -10408.4225233942     
  -22546.8855411655     
   14327.0306990419     
   20768.1422963235     
   2327.34045486719     
   23682.5441331496     
   3743.95190871768     
   1999.19957791113     
   14206.4292986882     
  -11519.5772729222     
   297.318841718748     
  -8345.41926946277     
  -10828.1219071116     
  -5469.27273751076     
   8535.28011466546     
   936.509736670094     
   18449.4723894068     
  -2962.19093321205     
  -3228.46462020602     
  -3361.75085799232     
  -8703.18907176147     
  -5059.65840819397     
  -6895.09860060621     
   7850.89615047126     
   1338.22953714853     
  -5163.32797214330     
   19195.1867756327     
  -3663.51466892950     
  -26547.8161246584     
  -31854.5899081348     
  -3408.99106682408     
  -22111.4877681679     
   16248.7247886220     
  -3552.95059757105     
  -4710.23603395589     
  -21233.2120942788     
  -6728.14609617686     
  -15931.2422950203     
   508.241212905613     
   15904.1972618444     
   4573.80277140826     
  -7305.28507339892     
  -6537.06629177501     
   24372.4447525898     
   405.559803637409     
  -38036.5487507095     
  -2863.79255500906     
   9677.10866498558     
   15512.0501166837     
  -27008.9243990256     
  -1588.95778868960     
  -7378.30401306130     
   18971.5356869930     
   18305.4567623371     
   6502.41716858510     
  -2096.03241780893     
  -6103.13468428523     
  -17610.0592551402     
   10705.8338338874     
  -26270.1077223386     
  -18657.1065148306     
   13159.1748936205     
  -9148.70569926681     
   10993.5165676087     
  -19225.7497632933     
   7241.98996716873     
  -627.447484828049     
   1169.59176942692     
  -5389.60143418378     
  -26724.6475817446     
  -2300.85093426804     
   20891.8099025267     
   1139.53260523439     
  -8152.75408728791     
   22013.7253750781     
   10824.4512726063     
  -18071.8948077379     
  -16462.4611692752     
  -2353.18354348442     
  -9685.06149906979     
  -12220.1095247827     
  -6949.80061274563     
  -30936.7218314547     
   4740.91641146221     
  -9459.49084177533     
   225.216607247383     
   17108.7903558324     
  -1504.55711856022     
   932.520354885790     
  -1661.04364586806     
   23953.8277467245     
  -6198.81567472116     
  -445.807564470263     
  -9764.45789427353     
  -2082.88870559913     
  -15270.8233484961     
   20190.2480582927     
   1325.17448312371     
  -30519.2989948227     
   1624.68161594408     
  -10868.5524858316     
   6191.20348872216     
  -10709.0862823582     
   7461.44318301445     
  -4841.00623040925     
  -4426.22585664164     
  -6631.61353207696     
   1644.91360765211     
   9835.15210338182     
  -15242.7025171915     
   7299.78634424463     
  -6131.18365716470     
  -1568.84576370114     
   12149.4425793429     
   3068.55653632994     
  -12414.8377330165     
   14944.9544812532     
  -1856.50307912580     
   1840.78868164420     
   5366.29716617569     
  -3136.28937992338     
   4113.63279802723     
   2831.28847666543     
  -1803.01005009132     
  -8969.81050536560     
  -1907.78237143518     
  -14502.4614484716     
   2894.25519019161     
   20620.6064872646     
   362.742265074541     
  -7848.84527432255     
  -11537.0549303271     
  -4917.97903833908     
  -4969.43398051827     
   21497.7079723731     
  -6208.98867963372     
   7252.22772798415     
  -7336.82010327588     
  -11191.2190102047     
  -9582.22598622270     
  -1301.56343575798     
   507.267390796156     
   16702.7347373645     
   655.258202748988     
  -7108.70998903421     
  -10733.4014921143     
   21278.8008108125     
   3960.61894056243     
   334.718521257226     
  -7888.04472443935     
   1090.91018982011     
  -1105.50987050226     
   2399.42208616254     
  -8279.83168518743     
   10991.3873645971     
  -18047.6766803475     
  -7521.58841678966     
   4419.68271084396     
   11793.5583471273     
  -12534.7916669638     
   28162.5845990323     
   4263.90053147073     
   13005.5452831228     
  -4299.38475649518     
   240.621067242152     
  -8988.43921434106     
  -10893.3395864850     
  -8412.54600079671     
   1716.87353282408     
   2767.90610051827     
  -976.375254267608     
  -8315.11069074207     
   11300.6877211433     
  -6026.17764877823     
  -7238.06475382551     
  -23200.2503351118     
  -238.688864149210     
  -1774.65908596203     
   17225.1154662550     
   13342.9372952648     
   1128.24479132029     
  -25221.5963014168     
  -19525.9815827674     
   4964.49931528871     
  -5580.41118239565     
  -17565.5654327832     
  -4036.28277728777     
  -1889.23503290660     
  -4298.35928666956     
   8538.38577374514     
  -7630.07856301560     
  -1230.51344009395     
  -10110.7586889928     
   7192.22984050776     
  -7230.31554939622     
  -23899.2104240079     
  -11182.9072870541     
   3162.58332137261     
   18302.2401402395     
   15126.4011425220     
   15461.7241444228     
   13811.5328243539     
   8479.10023254381     
   15840.8968335664     
   5049.31409224967     
   12629.4749460438     
  -23505.7898411889     
  -7385.49148306023     
  -16216.2556082734     
   10691.4621531476     
  -10100.9320827113     
   19398.2809428575     
  -7607.03483655089     
  -26305.4640442176     
   4218.91145832762     
   5898.66629312113     
   10302.8517109456     
   6509.31947903494     
  -5772.00441187067     
  -4716.32663873727     
  -248.715643939071     
  -16328.5423269387     
  -4375.17496691376     
   10713.9142611264     
  -6695.05621007796     
  -14748.9270329669     
  -8401.57197382542     
  -6678.20101345179     
  -5483.94200540795     
  -24201.9655449138     
   20863.2672277941     
  -4463.83614920202     
   2033.75050039236     
  -7989.70698686164     
   10464.8210245928     
  -20900.8364240390     
  -15303.8455777431     
   25031.8456851472     
   4095.72712654837     
  -14753.6561740248     
  -11028.9745379537     
  -1599.21273497708     
  -13830.7006807406     
  -3052.74344971086     
   2044.09141939684     
   8639.94227108738     
   9454.59642445573     
  -5161.63689445118     
   3042.28944714561     
   8195.55738563202     
   12717.1265868736     
  -13314.9261348199     
   11535.9156212629     
  -6099.68754554391     
   11603.5439202840     
   4534.19121346416     
  -184.512657074788     
   22238.8808494611     
  -3679.22255232691     
   8873.30407261414     
   29986.6735252529     
   13509.4491515744     
  -329.276331594117     
  -1974.68132344206     
   15405.5876204034     
   3056.41700571029     
   23987.2667296511     
  -2356.56973230987     
   13312.1676892719     
   2649.05575800412     
   10580.0914655028     
  -15686.1578617778     
  -2746.16729195191     
  -19144.8320336233     
   4830.44514913377     
  -18709.4208131767     
   2679.35494575577     
  -7222.24191249719     
  -16885.4738792392     
  -10894.7985735594     
   5759.97706310122     
   12943.5505175491     
  -10779.9761043383     
   10269.7607344533     
  -4083.54070627765     
   27787.2772534322     
   6133.67723486695     
   2274.45043700662     
  -6018.38745514995     
  -5311.68173330184     
   8803.23865100285     
   28887.3001009678     
  -8370.68633455440     
   149.471981575460     
   9854.47909723658     
  -2435.43042031133     
   3344.81556652256     
   1250.49916332192     
   17802.4862030490     
   5735.46927072675     
   11063.6230512069     
  -1140.36792777506     
   10237.5967499633     
  -13055.8903667862     
  -6915.22719687416     
  -289.915081155349     
  -8750.24033763070     
   10309.4962727370     
   20078.7317232387     
   7071.06238140638     
  -220.593111432376     
   24434.7041502391     
   12571.7420306111     
  -4214.30339261869     
   10544.4294282191     
   20025.5010321323     
   10394.7101614286     
  -9790.26241357713     
  -3078.64133418533     
  -17540.6246139587     
   9865.02881357626     
  -2050.79051290808     
   12959.0883357449     
  -11373.0351243041     
   22931.1060408697     
  -18817.1369589814     
   22286.0095409862     
  -10071.9734919912     
  -5061.88551475631     
  -8025.81835703604     
   14228.6569003805     
   2451.10199328665     
  -3594.84907823453     
  -3228.05822188590     
   15147.9611789140     
  -5212.68459358020     
  -17621.2114849580     
  -9161.64826370174     
   13860.8976102600     
  -1950.01621734266     
  -1739.70490796875     
  -1213.13348662134     
   8856.58790511152     
   2579.80787807542     
   4500.75596047164     
  -6217.16117941556     
  -811.554208713561     
  -2952.70381284038     
   4587.30210089498     
   5024.94095197367     
   9972.86752327863     
  -9712.85466907247     
  -3947.01527858207     
  -5322.47444471512     
  -15824.0485235345     
   8484.66697284530     
  -722.175337665015     
   5028.45650601080     
   7602.50564295939     
  -4638.86587229429     
  -10509.6383328253     
   13343.6964153613     
   3676.87405760798     
  -19439.4013738420     
   3098.84585018276     
   10047.1158257812     
  -7456.92366654456     
  -11027.9947530636     
   9817.52354064285     
   9130.26331640190     
  -7449.94031274332     
   20028.6743917172     
  -13924.9449318591     
   21307.5917055623     
  -12065.5804712216     
  -13581.7664479251     
   3738.15187339836     
  -19380.5918190918     
   20413.4554104234     
  -28027.0432100518     
   3735.90469180645     
   10487.7699245627     
   9110.90641061074     
   2120.73309064455     
   18423.5506152682     
   6300.81552700454     
   3176.12627873329     
  -4329.69837737813     
   8167.35540283028     
   982.454068439513     
  -20826.6612859162     
  -1435.62748112548     
  -1087.24740234705     
  -688.935565357778     
  -9385.58898796355     
  -12679.8252522248     
   36345.8388285190     
  -18778.0488656943     
   3535.88551697371     
  -29727.0612656990     
  -3340.09608246434     
   951.028677708040     
  -15151.3693913722     
   7167.39312652391     
  -1671.58998153438     
  -8931.74990133280     
  -15623.6659048006     
  -7571.15389393306     
  -10112.6547841337     
  -2974.15072316695     
   25169.0495908141     
   21974.1598375440     
   1456.36705111954     
  -15409.2832520415     
  -8933.60802690254     
   3599.48211156662     
   805.174807256411     
  -4227.85365261576     
   19428.1971226609     
  -6423.54604461118     
   2419.85412132427     
  -25109.4130025899     
   3601.74439758408     
  -7330.38825153115     
   7412.19034732548     
  -6865.10880135375     
   293.576559023283     
  -3712.12509255828     
  -3170.21355231740     
   3104.89294328661     
  -15018.3020922772     
   7467.95551045466     
   681.767056850302     
   5181.49905246981     
   14919.8147720735     
   5717.94621218190     
   13918.8033350150     
  -12249.1416598694     
   6660.01879610761     
  -4910.95284830586     
   6244.83647305673     
  -13706.0452753129     
  -35308.5509435116     
  -14408.7225392476     
  -13861.1910096604     
   11132.3899272197     
  -15652.7808493633     
  -31832.4755702164     
   14927.7677312907     
   14387.7516263092     
   27021.2287930378     
  -9991.69113146645     
  -961.570181360829     
  -5620.25461143747     
  -3490.36006081391     
  -9314.83243667645     
   11560.4689543135     
   5605.50405948003     
  -17720.4956384986     
   1263.58084053437     
  -6616.13334214801     
  -2638.50579505190     
   8356.81184500151     
   921.272448687034     
  -14454.7104737698     
   235.421696705132     
   6106.94072085859     
   30264.7392390353     
  -490.064166833620     
   24951.2350676904     
   9061.45128476215     
  -6233.26977788158     
   25503.4046045444     
   34828.8213683082     
  -49247.9530992351     
  -700.285089103641     
   5280.30995190706     
   4281.74480455659     
   7336.06721160260     
   6086.37451855891     
  -865.508825355934     
   1099.82424216434     
  -13915.9927614964     
   705.591481303215     
  -13648.7278516514     
   5591.67793236303     
  -6141.93856540598     
  -4051.82949392173     
  -2178.60289340871     
  -1337.55568048946     
  -1288.77533460558     
   597.581122383712     
   4471.25552605104     
   2941.43773364486     
  -514.715356252758     
   1422.90744190667     
  -11367.7929469581     
   8482.20117671868     
   3207.73901733356     
   111.437542184420     
  -2944.25791751146     
  -2570.85915381421     
   394.269043050877     
  -3328.63696245753     
   8936.67359380315     
  -1887.03965283787     
   3975.17126440896     
  -7246.12529119202     
  -21393.8243014938     
  -8684.64438403821     
   13970.2122192226     
  -3571.28401778183     
  -2366.79247254786     
   2084.46467725239     
  -1508.48528231644     
  -3595.78002751912     
   1350.85332474844     
   11010.0430088786     
  -16950.9471581174     
   10441.5304784378     
  -5850.71937630143     
   7361.63366958263     
  -1213.40784205818     
   16836.0265132834     
   13486.5130505930     
   10046.0826803967     
   15719.0587975110     
   11363.1088033574     
  -1007.33930989652     
  -1001.95019082386     
  -6350.25647238920     
  -3390.69052495114     
   3472.95783612307     
  -5684.39926731399     
  -4806.35068604327     
   1358.33925234241     
   4854.12904214439     
  -8806.10160127952     
  -15275.6456084460     
  -11969.9350629884     
   3370.86924129675     
  -14025.3685147034     
  -1517.56801431317     
   2645.98516874075     
  -6142.44345848003     
   18836.9855363249     
   12855.3050602703     
  -32774.2389910546     
  -4933.81994076916     
  -4245.22139519261     
  -3312.62349779847     
   6038.23560030257     
   1042.69221525387     
   2764.51358113167     
  -2811.93903820107     
  -19027.1938736196     
  -552.389095916820     
   8275.51754037528     
   3086.43882287264     
   5030.17124678518     
  -3863.86453283866     
  -5821.30929715243     
  -3833.53648500383     
   718.862681816896     
   482.670124184076     
   14902.3152669359     
  -12514.4869001660     
   10494.0285997161     
  -39.1362265126638     
   4060.22822065986     
  -6433.63022389051     
  -3828.32040929064     
   3750.89394722576     
  -22105.5378549788     
   1913.39877613632     
  -6831.89197457575     
   9632.66215304380     
  -6560.91711572390     
  -2973.69014694147     
   5975.75102086193     
   8769.79083182231     
   2928.38320005849     
  -8099.10351826846     
  -5539.67282997471     
   2678.71663490987     
  -2802.32910876088     
  -12014.1224001260     
   1967.54142344224     
  -1043.82679553864     
  -709.002007345952     
  -331.746206736258     
   1079.92888989690     
  -888.318359572948     
  -2858.96345381645     
   1264.06996626487     
  -828.622642734698     
   16386.2220492332     
   2585.85942642812     
  -4236.15682206473     
  -13634.6957219632     
  -7830.47695320443     
   1183.67119702930     
   6378.75335028054     
   1868.17719705809     
   447.373427933483     
  -5541.26216447151     
  -2198.13605471192     
   2984.30493047429     
  -1728.21578540242     
  -1458.29216061421     
   417.882203969204     
  -1985.96979060483     
   715.125466146184     
   2879.67014199445     
  -1369.77578520556     
  -533.190158928857     
  -32896.9957668042     
  -7872.52551585096     
  -2257.89945731892     
  -23372.7045531172     
  -2940.07185943032     
  -16046.2956749115     
   7677.49796504338     
  -2247.56495746827     
  -3378.52944291604     
  -2687.45773014910     
  -2602.69845390116     
  -2967.08771160218     
  -520.559850410320     
   15318.8528008462     
  -2191.42984015772     
   1121.25675781579     
   5327.82069593041     
   4656.25164896528     
   15386.6229646518     
   1561.19799391843     
  -973.702258555966     
  -8763.06033689395     
   67.8560793022925     
   3604.08366182559     
  -6623.91161350166     
  -3207.79541555603     
   5070.73324580063     
   2173.19432707637     
   12276.5689815217     
   9537.89716233889     
  -10819.6059713056     
   7672.85947503231     
   8919.27139535118     
  -825.541925519154     
  -302.974257485332     
   1046.07447126198     
   2171.51938147602     
  -144.294802516069     
  -7737.05430353420     
  -7384.06458759648     
  -3036.47583050162     
   3315.31380578296     
   2699.36112936096     
  -3217.35650799607     
  -102.303671257376     
   2571.94375409227     
  -4494.83717782620     
   3571.48974821425     
   3955.71284570361     
   6759.09005329283     
  -1169.65552290357     
   5340.00270733464     
   3282.43342009978     
   6024.52844856619     
  -6249.50634521174     
   2412.95357455842     
   1101.73197703036     
   5238.38534284292     
   5153.31248450065     
  -4838.70168236631     
   8691.65241063146     
   9343.45887715260     
   2852.12383193101     
  -9732.84667473779     
   7664.47078728132     
  -5942.73622504820     
   800.598352268676     
  -6370.13583774229     
  -3.30939257032514     
   8619.29196949094     
   6439.94420517523     
  -8310.37497965006     
  -7963.53931618372     
  -2732.40429305452     
   8008.28074113065     
   397.789307756954     
  -1636.67863117972     
  -2568.74257517153     
   2326.74010191701     
  -10470.5329089603     
  -6539.95405286531     
  -1928.20462873663     
  -2555.34404723487     
   30.4847435915381     
  -13015.2069034574     
  -1761.34649916332     
   2059.39203308488     
   11384.4521595668     
   6729.74027982124     
   806.093197579974     
  -6190.40922141413     
  -5531.53749507435     
   7359.62165078186     
   12802.0039674203     
   1093.34064784889     
  -3109.82743520711     
   1511.75723358326     
  -7855.53070912374     
  -3246.86570996939     
   989.718470681525     
   5621.48936196554     
  -4951.51309861475     
   2123.33418686594     
   9508.66563751766     
  -2133.58491510280     
  -1302.06783557019     
  -681.444786630706     
  -6203.87818746029     
   9262.96277593822     
  -4037.29207686231     
   6829.47312135096     
   8291.21975198130     
   4647.73495771901     
   871.486613017617     
  -2378.72568920290     
   1283.06099007708     
  -4162.58666079955     
   4784.79501670073     
   16113.9456324815     
   6178.61102406301     
   3885.77143513497     
   625.391146510889     
   4299.53434604000     
  -5999.96142156391     
  -15885.9434756398     
   6242.44585798970     
   2049.00202240139     
  -4522.11724368986     
   5316.85938414364     
   2443.21271646904     
   3495.85701185118     
  -2612.48101249979     
   11313.0919229540     
   4627.79493168376     
   6449.95909134990     
   8314.01557098367     
  -4355.03636513353     
  -11170.8718877915     
  -1803.03294517732     
  -12554.8136718931     
  -137.829434971933     
   2241.70712073447     
   1277.12424412310     
   1372.30677170122     
   11422.5490079923     
   31417.5606577534     
   9882.72038374568     
  -11699.1200897804     
  -976.264538809890     
  -2657.10551917728     
   3723.99897461574     
  -2563.97099691025     
  -3091.31458671170     
   2664.22503780528     
  -2458.71743252283     
   1013.44628219563     
  -3027.46533368509     
   10693.3490683516     
  -7879.09939127760     
   2144.52299244233     
  -1796.19318862833     
  -6820.85323125408     
  -2171.02608993107     
  -13421.2460384169     
  -5355.64205251081     
   1039.12307294603     
   317.032442656487     
   557.420059032023     
  -4223.68639319870     
   4349.67153392709     
   14937.0709411599     
  -3828.10352813186     
   4650.25218167963     
   99.5943102072314     
  -3734.36275736576     
  -9048.42780787009     
   846.237633096272     
   6773.51723065759     
   1795.41932951491     
   2836.76450140109     
   7877.93142173771     
  -15079.0554679677     
   1781.31916381118     
  -2257.60045930661     
  -1921.10644071970     
  -2011.97547149264     
   2228.24196156543     
   2904.78533554881     
  -2157.89466496192     
   2488.90421769365     
  -1077.59380158775     
  -136.580052627851     
   527.783574476914     
  -184.682710519086     
   6532.96563460124     
  -2222.39373717230     
  -679.419022862288     
  -1036.68195033415     
   1482.03171615171     
  -760.696591556253     
  -1169.01802733743     
   4461.10361617331     
  -10077.2398198972     
  -23276.3442900014     
  -1256.93901653683     
  -2896.42340104044     
   5530.08552398870     
  -1730.92078767118     
  -1572.03882812802     
  -2249.46162168510     
   1402.37438359740     
  -4610.54882192005     
   2035.20649270291     
   4532.89156143388     
  -8417.24358884938     
  -20453.8468653589     
  -4660.08856584142     
  -8136.81168984088     
  -5526.96849336830     
  -7071.68546819246     
   4346.95522789458     
  -6551.41174666324     
  -12554.2759053802     
   3579.86575689507     
   1981.44729740007     
   5565.45619456650     
  -586.389181327900     
  -3348.80377405046     
  -140.284802968426     
   2800.62804956768     
   675.837497323540     
  -1610.28955004327     
   10505.8241051839     
   8849.65346955412     
   1199.77959684260     
   5273.47466365280     
   3528.23388949141     
  -1334.99145796552     
   2238.65114181910     
  -3511.10967526923     
   10246.4871183489     
   2088.45845424393     
  -21308.7160394019     
   4078.79820107798     
  -5131.79870401996     
  -2308.55073242398     
  -8120.43336813065     
  -7636.33291242665     
   3149.59968247152     
   2519.99032126644     
  -3927.16068672137     
  -868.654508599507     
  -2324.02412442171     
  -246.324246111813     
  -16198.3342761834     
   2445.19249383503     
  -305.753908317765     
   3258.59151958595     
  -26302.4828773098     
   13519.5802174905     
   3959.54623879272     
  -2892.75535910581     
   3251.55556461772     
  -10908.2648531901     
   6572.10467075941     
   7936.27252286050     
  -1296.31661833441     
   9547.09527778530     
   7116.85848913586     
   2060.24651357667     
   1912.52589006264     
  -2855.95791930191     
   482.483930601148     
  -818.716989275116     
   4854.43624963736     
   3544.86974733409     
   316.773508235042     
  -8575.50768136162     
   3549.13951760141     
  -3944.83124410416     
  -36.0942167383091     
  -4891.09305467505     
   5929.93896120277     
   702.756841654370     
   2825.93710241629     
  -9190.32204242637     
  -11459.5458210355     
  -10759.0940441819     
  -1265.44146901699     
   8720.91609086403     
   2842.69617288338     
   4447.07791274640     
   3217.91847269379     
   2176.70179560523     
   1236.16734497079     
  -4245.70756236012     
  -3530.00743803856     
   2079.57474286478     
   4164.73454739591     
  -3471.53265887410     
   2482.17190596269     
  -1861.70438912484     
   3506.75238797143     
   2549.64782808840     
   6479.94780176091     
  -288.281741856751     
  -1837.93632607292     
   2879.30752569362     
   483.855856848760     
  -6318.23079628774     
   4265.56114888104     
  -6309.40899471898     
  -5099.72333730019     
  -2506.54750402943     
   1514.63577636956     
  -1613.24987567989     
  -872.181490049159     
  -3293.44376431616     
   1783.72328026198     
  -148.349825487796     
  -2437.98815201793     
   519.682338167732     
   4731.96592700084     
   1031.72369632255     
  -1138.74385942782     
  -2592.77971373376     
  -5003.59526920444     
  -12533.9171388516     
   2576.05888114774     
   8154.70322124211     
   2997.71042937382     
   50.4195982788815     
  -1948.52123417744     
  -7600.01291380774     
   3826.85675885863     
   14578.4438744166     
   2158.77786695616     
   284.215037663213     
   5271.13732479867     
  -332.620899454093     
  -9102.21428077293     
  -10707.4490987791     
  -9035.61729192982     
   6471.07964387262     
  -1129.66619576838     
   10879.6411443382     
   539.487732646282     
  -1959.25510184198     
   28222.5415444830     
   15014.1454843162     
  -2017.17257115434     
  -3597.05526348159     
  -8267.65661098179     
  -1167.00889039784     
   1161.93104108395     
  -6333.48481297467     
   2127.14215379062     
   1312.77967596288     
  -7702.58951008435     
  -1492.58854977103     
  -5317.60575323576     
  -2224.75661043754     
  -2848.91005481388     
  -15139.1844339328     
  -1704.91858999082     
   4707.05575844417     
  -1864.94365157901     
  -830.060881632342     
   3141.32297322016     
   4808.73075931855     
   9167.33821424642     
  -1302.24201941897     
  -5195.33904806334     
   3881.59973428151     
   562.607837569562     
  -3939.09599374827     
   1676.54009709029     
  -16728.0972806581     
  -14293.7508466009     
  -53729.5504265110     
   29807.3732021349     
  -8782.61417369973     
   7713.85928905826     
  -5916.80895929530     
   14729.8368047445     
   17450.1696069002     
  -5527.08572621946     
   22347.5493532738     
  -5650.36675538669     
   8403.18441283466     
   8357.66996748282     
  -10428.8055617376     
   5916.00885715385     
  -14735.7772964154     
  -994.550625401826     
   76.0888671155178     
   2359.50982190345     
  -1761.90047057517     
  -12408.3669463323     
  -7653.28792151432     
  -16885.5107052286     
  -579.913933495794     
   7065.72055459752     
  -1305.44546023615     
   4114.03779271678     
   15572.4861313936     
   15224.6038013743     
   6054.17002918380     
  -10071.8092448490     
  -6165.23596636322     
   3409.21172493421     
   4781.64978436806     
   3763.79254098939     
   2940.58273389779     
   2305.61829493237     
   6892.51905680788     
   7966.38427216046     
   21615.0696343644     
  -13293.8015844492     
   182.936507411543     
  -10646.1207107447     
   17036.0455566842     
  -4450.88584296637     
   21.1477633784864     
   4718.24218476097     
   703.541277669297     
   4829.34468826316     
   3417.58943736865     
  -2240.64223794515     
  -3991.66503624076     
   5226.59294136019     
   6093.22075451022     
  -3702.60026473162     
   4649.79435623415     
  -25166.2949526451     
   1860.39713080411     
  -13100.7384132466     
  -6026.17065172241     
  -36623.9371054228     
  -14882.8419653804     
   3299.65889757471     
  -1668.46780345831     
  -9653.30730021189     
  -10186.7637881448     
   2811.04252866983     
   8195.01553885462     
  -3799.43538542007     
  -2937.20034564141     
  -3819.27509465189     
  -2758.97563085206     
  -21599.7875241758     
   9504.45447999831     
  -6912.65589402644     
   662.150081945696     
   177.363174656391     
   7447.53432719017     
   13358.1099909095     
  -1403.55842719732     
   2933.89947450177     
  -4418.94331669902     
  -48.4905345065827     
  -6921.62824504139     
   8970.03518872977     
  -12050.4427403925     
   12266.6706478356     
  -10060.8626589116     
  -1073.66758435302     
  -7527.53358827941     
   2773.08601239682     
   6320.21414106377     
  -3137.05487109333     
   963.129406072370     
  -1001.33423543718     
   3333.59933102465     
  -3958.44015502074     
   843.754428031025     
   26978.0319403506     
   1828.48579657717     
  -1348.53103020273     
  -4825.73990884417     
  -3031.74674566197     
   3249.28263985268     
   6011.29798415562     
   12298.5136311776     
   9944.55290313501     
   6879.42088965507     
  -12549.3054079842     
  -3487.10199762421     
  -6224.59508774493     
   2878.82639817798     
   482.993600334993     
   2946.15454289765     
   3685.92679635543     
   5076.79429400075     
  -1838.79232555069     
   8265.94197708837     
  -2451.75106646118     
  -6025.48280886145     
  -7196.65267237624     
  -72.1363624024193     
   8158.12288924326     
   10901.5019297026     
  -6197.29899406768     
   3781.83228359696     
  -2948.52077625998     
  -8704.42228344174     
  -3212.07624605728     
  -1611.03670465055     
   1711.45080290136     
   565.820942810705     
   31.8704468810217     
   3146.20807324914     
  -4180.39410169219     
   5586.45605278962     
   3886.14701783668     
   2183.28619036931     
   39127.4433337833     
   14888.5589258852     
   12747.0199466319     
   25643.6401422630     
  -36848.1815108855     
   32434.5389594503     
  -5672.76061497414     
   9094.34637168757     
  -1305.24030553325     
   10541.2028662376     
   15744.2987827215     
   1916.47036342921     
   2105.87652160166     
   22588.9384517868     
   5843.70819015348     
   1381.44341232240     
   8323.08550850858     
   5695.48912992995     
  -6130.45040032428     
  -6587.75126094950     
  -2221.73783279334     
   3429.07207824344     
   9607.71254866844     
   3396.47447407152     
  -6536.06181320358     
   5665.65501751907     
  -7072.94405400543     
  -802.343283984210     
  -280.905429725884     
   6650.27869812047     
  -1694.64595740142     
   2765.04321395844     
   276.878918280749     
  -1972.35740345907     
  -1302.72652543075     
   3451.47266382800     
  -1249.21357153086     
   4479.27311984504     
   31154.1628744478     
  -23613.8704660772     
   450.556540978142     
   12119.7291500151     
   1118.49353240423     
   1041.34921635014     
   3666.07194918820     
   8541.96189617032     
   2967.28640311783     
   5667.63717638622     
  -870.144559911770     
   817.606720519547     
   3760.43449571541     
   15890.4795706652     
   1786.00763853384     
   15636.9540826029     
   410.201417893294     
   1278.46164926832     
   1304.06518346732     
  -8816.89845997758     
  -2305.56185056114     
  -6032.75325382359     
   6817.03247536889     
   3022.25262555922     
   5438.41837695198     
   5484.63835348539     
   5491.06223270746     
  -11958.8400047617     
  -3785.25036710656     
  -1629.10980611283     
   1041.84086970581     
  -103.042823055979     
   10334.8088226470     
   7111.85722262298     
   18522.7915231256     
   1208.41135660805     
  -2993.66567874483     
   10313.6169459858     
  -28679.4980942226     
  -18783.5528220650     
   611.813842906620     
   7585.94659957287     
   2392.72378169517     
   6631.07454622315     
  -795.871686838998     
  -5032.58070841692     
   4251.56062443393     
   2784.83716879896     
  -5515.65993355924     
   14.6227200221433     
   2952.44609022882     
  -10302.1602938931     
   2458.70733447732     
  -5776.96474201898     
  -1566.46022772171     
   11747.6934412967     
   1053.54108963682     
  -3456.80113436365     
   8998.45864574906     
  -18675.1459713806     
   13794.1964592988     
   29190.2982943060     
   10919.9754648107     
   7669.70137809745     
   20146.5930105608     
   20911.2852429972     
   5707.96110400056     
   4896.06836820831     
   15203.9297130631     
  -9517.98785078656     
  -24603.7021333480     
  -7123.83555254426     
  -1337.88443303601     
   15871.8753066321     
   872.863958837865     
   1076.38337599248     
   6164.88882855196     
   4077.34934501876     
   234.758013438699     
  -1392.90538452908     
   12398.6916015276     
   14046.0490574816     
   15401.0016375703     
  -5657.71677839324     
  -1296.24489210934     
  -1829.18406189947     
  -26024.3330013541     
  -8973.57093025578     
   3003.66093791984     
  -14468.3360784688     
   3340.74746107406     
  -3976.06745818310     
   8298.63732824504     
   7511.41820882171     
   3086.29451011518     
   7672.67321996812     
   1379.58572328897     
   2456.78188008607     
   1455.25887869695     
   9282.07614870964     
   1921.46731385791     
   4163.58706538658     
   3062.71614178314     
  -3335.60857323359     
  -2091.35021473919     
  -9352.21833184234     
  -59.9200858930726     
  -1229.07210681728     
  -9545.06011865544     
   5403.11220763124     
  -2110.36215720364     
   8907.25479839511     
   6262.57956359216     
   2589.41244207531     
  -10934.6899843455     
   4605.26016103962     
  -967.696408570524     
   5715.97537306912     
  -422.628753891026     
   1000.47196576128     
  -25501.8327506573     
  -42336.9587383402     
   16023.3826614623     
   5366.89822647235     
  -2987.00207122840     
  -18467.1120987588     
   1283.14633223649     
  -2494.90689288486     
   175.701012541253     
  -891.971599234971     
  -3590.43511434011     
   13828.1459744407     
  -963.002332207235     
  -190.686721139594     
   5832.81507497211     
   8321.46040086956     
   6083.34404683483     
  -4014.04095008665     
   902.476141485975     
   85.2614905328605     
  -5466.17056895155     
  -4836.35175286444     
   11492.8231801195     
   16837.4386532811     
   5965.34269629301     
  -5304.90790109384     
   1142.50432731625     
  -36511.6848626565     
  -1071.93758458544     
   9745.71407765916     
   562.010555501543     
  -2347.29836998552     
   8430.68871792773     
  -4236.95120097073     
  -8519.86375287506     
  -2856.17092088729     
  -2269.54919873885     
   1344.71138357812     
   8211.27456713900     
   5819.06955171322     
   5433.15241258362     
   8488.09299616401     
   322.269124560286     
  -6088.96098865905     
   620.974639490199     
   478.828694124129     
  -6530.64230001190     
   9503.50058076040     
   2020.85487266043     
   1143.74881054548     
  -4900.27226054521     
  -750.204225492872     
   1428.03160678231     
  -1509.06424742419     
  -3274.57545033398     
   1322.94633728733     
   1413.58330871583     
  -26092.4318650628     
  -26712.1258020784     
  -11709.2307589218     
  -3171.64739509061     
  -11164.7331201028     
  -13774.7949992540     
  -20154.4732519318     
  -5005.90256761012     
   15931.7884508907     
   8204.67082072533     
  -14290.4751931714     
  -6350.24834796339     
   7962.02943559593     
  -696.426758663750     
   11644.2252789044     
  -1148.61874506817     
  -2724.78568442590     
  -2174.21203142124     
   7146.36013945233     
   1909.62467062879     
   2665.67331779053     
   1925.11546163070     
   1859.05074783247     
   1194.14284243521     
   9922.18660386579     
  -1270.40225281453     
   1377.66161960450     
   1201.91564317920     
   2409.48908239099     
  -2164.63174535413     
  -3444.17753831569     
  -5146.72267886379     
  -639.659819144546     
  -2042.23625525584     
  -6110.73154469959     
  -2046.92146775420     
   7060.37901077505     
   13266.2096277699     
   960.361848260656     
  -11495.3584720787     
  -8035.77464476252     
  -5258.36800633140     
   4559.75276770341     
  -3498.84656531588     
   1251.04474924458     
   9518.49585839363     
  -2917.71581083664     
   3692.16000440894     
  -9306.82878540767     
  -14591.2900237905     
  -3305.37797688857     
   8446.31492211397     
   482.132793763871     
   5887.31452260836     
   5738.81346969269     
  -5501.11570193228     
  -16731.4203774378     
  -7094.58169756755     
   3922.86519160145     
  -7197.12235725217     
   5919.67185399715     
   524.877015590381     
   9473.80450650071     
  -4382.84248062504     
   15853.1878091086     
   1825.89318733103     
   3895.38804449820     
   3140.32353661021     
   13458.5693453802     
  -10993.9822979518     
  -3929.91934730562     
  -195.308789269064     
  -586.067922683909     
  -5746.16472929984     
   6742.98610259196     
   1497.60695559009     
   330.157790531538     
  -569.196756936114     
  -4528.79365100263     
  -1135.69680763205     
   3506.58601354946     
   458.105759868002     
   1893.91352560256     
   8896.52803261113     
  -10233.8752885591     
  -10424.5734495181     
  -2357.49204251866     
  -12255.4518703239     
   2070.42703012352     
  -3407.23536278774     
  -8.42228386349507     
   36.8984395426141     
  -9354.87566767066     
   3548.09673265946     
   2080.82465569608     
   3371.71678852945     
   798.092324045840     
  -7692.75053354711     
   4949.92938185517     
   2118.69045295905     
   7758.78857406131     
  -5710.03825135647     
  -3813.06599990687     
  -1039.67786761429     
  -90.1425058759801     
  -4033.03211666988     
  -2695.44800393737     
  -4034.65553649230     
   1773.33696886744     
  -16309.4419834206     
   10180.8188338321     
   964.739824025737     
   1782.95004378596     
  -3340.07594455470     
  -6668.98834443490     
   1674.22132557339     
   6431.54120427634     
  -50.2905590572555     
   6476.13199707734     
   5836.11936302140     
   4842.91482403305     
  -1292.16262284820     
  -984.884389830484     
  -2024.65865214997     
  -6160.01790889042     
   8552.20098017104     
  -3159.11047355574     
   3312.19411748971     
  -4653.66072761196     
  -7135.67872987974     
  -749.192894630231     
   5393.24092449988     
  -3743.08163510680     
  -1039.25991795957     
   9448.25316803216     
   4287.13099722518     
  -3097.82532843123     
  -1810.15530131291     
  -11447.7003938146     
  -3631.99244490854     
  -10269.7536861452     
   1106.39521132379     
   3079.38145824896     
   1567.49931511321     
   2505.03011647005     
   3912.83858877073     
   1658.44548179383     
   8839.15393375055     
   11551.4084715554     
  -1739.51332543484     
  -9994.81947701562     
  -10074.2910754126     
  -10030.7100356987     
   7791.81926601711     
   9705.75040789409     
  -4997.54981037748     
   909.450108180244     
  -150.804224747527     
  -1259.95972549322     
  -4103.21620982715     
  -11320.6073283974     
   8689.78333548353     
   5656.74914159853     
   249.141784744281     
  -231.783613197496     
  -16956.0623402622     
   2145.19612092375     
   8549.59436448737     
   3468.44293051801     
  -1619.84893137137     
   6979.66992107083     
   3262.04498150966     
   4848.85895373425     
  -5165.91779083217     
   7144.49616208963     
   17921.1911256103     
   10249.0985906925     
   5852.86026770664     
  -1787.13672298162     
   145.311396436409     
   1638.24729349614     
  -4631.82835483705     
  -4051.68636336785     
  -4325.73898806604     
   3043.32877408726     
   2964.31260790144     
  -352.392674649294     
   2110.17934715591     
   5702.94390733014     
  -12072.3567180035     
   3341.97506928113     
   2115.42855533272     
   1209.08800697063     
   4145.82326806372     
  -2047.62889614514     
   4667.13136892925     
  -2696.41998541937     
  -6451.94417953857     
  -1898.87712849697     
  -39961.1794780996     
  -18659.0151732734     
   783.024591503688     
  -694.089635112639     
  -9745.91038610052     
   16639.9033361550     
  -3019.96083162899     
  -8699.41961307929     
  -9315.18697892213     
  -7893.96098737572     
  -3.74950537361565     
  -2012.80552630986     
   40543.9992338562     
   22963.9246409838     
  -6899.35093223375     
   7499.82111623788     
   13659.6196508258     
   18774.4580893952     
  -6030.96239175708     
  -3950.52481795542     
   13251.8329762121     
   8513.59568963360     
  -9767.12610107593     
   6042.08261468393     
   27719.6371889276     
   38382.5003821096     
  -10221.6867650867     
   231.848162889255     
  -278.505522015116     
  -24540.9763884269     
  -3385.70674554273     
  -5766.82556232370     
  -10972.5463747100     
  -9927.80544433629     
   1835.95875481042     
  -1231.97718773809     
  -9471.07986867183     
   5915.98509355300     
  -2399.84458138546     
  -1764.21825411315     
   7572.32832050512     
  -9190.03079833043     
   1029.98259724657     
   8732.97093886893     
  -13180.3332620722     
   3092.25390686518     
  -3483.93768173437     
  -4588.32404175835     
  -17375.3346790228     
  -4650.91912104852     
   7734.77123211325     
  -7386.65868995381     
   3834.53940838176     
   503.553389995477     
  -1063.86153580171     
   1609.87985747281     
   4210.30581750970     
   5036.78065735982     
   6978.33254140806     
  -6851.94063551828     
  -5163.91357733013     
  -13157.0293092737     
  -3482.87886642512     
   12318.6774076894     
  -3806.76981060519     
  -13899.9943463211     
   4168.03394746374     
  -2568.34407707138     
  -21422.8840592251     
   27820.0294709753     
   9597.36680289523     
  -9516.85479275311     
  -15531.6381310409     
   30823.5519098774     
  -2881.52276244195     
   2609.50787614834     
   5385.21405187123     
   3577.65922492332     
   2140.94520305297     
   2909.37054397483     
  -1188.10506304100     
  -13399.5673425780     
  -10954.5318569329     
  -16037.0863044883     
   6542.09109611868     
   3315.74137170041     
  -8750.36484079804     
   2396.42775425860     
   2199.55253589349     
   2123.92539190658     
  -4785.24371012997     
  -4981.24285440060     
  -2835.74932666409     
  -8046.46639207117     
  -2468.33100673540     
  -4620.94807728971     
   1303.35778878410     
  -6483.08475659312     
  -23773.2846143986     
   19432.6343809706     
   4844.10475095202     
  -12915.4969373221     
  -16073.4823445795     
   10243.0580214697     
   5386.73187901917     
   1798.76677835659     
   5180.12033170297     
   7933.92574938751     
   21974.2548168587     
   20937.6010123546     
   3604.92084763700     
  -13848.6346514412     
   10070.6881502060     
   2.49295895361774     
  -10987.1454590989     
  -1194.00057233759     
  -521.254315921915     
  -17377.8907310681     
   9929.69672396577     
   15337.5359727496     
   6802.58132953169     
   8555.06508097692     
  -8683.32995552487     
  -1072.68459505323     
   8118.40930937326     
  -7947.63170586503     
  -16992.5635937511     
   4315.85094044107     
   14648.4381354416     
   4408.79107734063     
   17002.3594315503     
  -58573.1989671916     
   16278.2022036761     
  -15458.0154042488     
  -21020.2988111985     
   4557.38982383111     
  -11156.2466572274     
  -27687.5184856313     
   7188.32401281098     
  -8536.56487811525     
   424.586382299210     
  -2650.68351378179     
  -3719.98206111861     
   15005.7935493813     
  -6251.02158371473     
   3270.64552065752     
   10896.8575146739     
   4571.84619327696     
   27130.8424997435     
   11832.2622464005     
   16609.5918985956     
  -17558.6109888128     
  -1985.60904511363     
  -5672.86750235504     
   8371.72028721605     
   8986.07602920178     
   1376.98967097761     
  -1971.57567899798     
  -2242.50152076151     
   7318.38670143955     
   2711.57286708916     
   15811.7907687268     
  -15996.6628298937     
  -6948.32016222354     
  -32651.5602979529     
  -14460.6873458104     
  -4389.38527035987     
  -2274.29618614157     
   5528.55299088298     
  -5927.00863523025     
   12071.3325342689     
  -736.463454744823     
   4607.30851159216     
  -8444.59566318856     
   1636.21259305752     
  -13125.7758224310     
   37544.9881641343     
  -10828.0618755522     
  -7877.35058515367     
   3401.23218115666     
   1109.60424089055     
   5504.07038624750     
   3239.48769620532     
  -1494.51480321034     
   3238.13280935318     
   3417.10323414982     
   3736.08151865096     
  -12515.5493150515     
  -7883.49747349728     
   19159.2100433235     
  -4186.86746822804     
  -9868.91664593987     
   5781.22026974229     
   20407.7367021314     
  -4640.39402247153     
  -17707.7845478513     
  -757.572243656652     
   3245.45485045282     
  -1785.71065668390     
   10850.7137075256     
  -4082.29283209809     
  -18014.7239544309     
  -22910.9453791693     
  -1694.12814354115     
   1453.22762779719     
  -448.959775294248     
  -7470.73945542173     
  -26981.1546706843     
  -1734.57037717599     
  -4049.60572339347     
   19256.7484002619     
   78.6655843445624     
   11233.2789391609     
   2624.19690232272     
  -25519.8227723977     
   3676.63446337325     
  -19102.4112040571     
  -18321.2098781213     
  -5151.23170860634     
   4716.96979636257     
  -291.677716234043     
  -4512.83078215490     
   503.595001589301     
   2700.08683161572     
  -11244.1788103603     
   1932.12658222213     
   1637.84437844962     
   16605.8362363964     
   9587.61989976536     
   1495.96922554041     
  -9684.33464692851     
  -544.044131707976     
   1402.83966923358     
  -5749.62448005529     
   10291.0434471407     
   13794.0316894873     
   7107.61625422225     
   636.851243799552     
  -1734.31062004591     
   19385.5332945244     
  -5424.72288029808     
   1108.28804706714     
   3800.86829474927     
   2398.26906687806     
  -1743.59943618730     
   2605.43504040793     
  -5097.28501437543     
  -6673.23838412594     
  -3083.13279603756     
  -1665.86280879327     
   7890.90220026768     
  -16770.4017318467     
   10550.3220435971     
  -10890.2321684806     
   8523.30428109632     
   34075.5935520075     
   19740.6163077225     
  -17788.4853242341     
   12518.4176502942     
   4367.73323299044     
  -22692.9409622299     
   1262.51094466508     
   6278.82923564451     
   4495.89830639137     
  -11895.5811514041     
   264.912374257866     
   9637.97139516265     
  -6313.23150109561     
  -358.009460842712     
  -11528.7058349889     
  -24.7838424069439     
   3056.45831777243     
   8329.64425691815     
   4258.15640110944     
   6892.16335885212     
   1167.61957737925     
   5952.07532396904     
  -4175.19355272809     
   4820.44587489549     
  -20024.2065228452     
  -16015.8895132512     
   12095.3596810226     
   12790.8567826696     
  -3972.79933284847     
   24992.3226054457     
   12600.2413181963     
  -15253.7511369873     
  -5348.17707546338     
  -24944.4313866629     
  -5691.50090157133     
  -9977.03100879031     
   3400.81255196072     
   5234.50922797710     
  -2000.77468628584     
   4991.77738431677     
   9068.85721016029     
   2898.31197288742     
  -5719.06117732465     
   7784.86691529993     
   7236.17540238601     
   6590.64960403723     
  -13934.7238753932     
  -8071.71266934902     
  -2730.58376476757     
   3912.54976733276     
  -16372.5124872089     
  -7725.89616846939     
  -12914.3682756827     
  -4186.39556287445     
   5159.12936840517     
   6697.13788340277     
  -24222.5494244836     
   3052.51032815341     
  -14542.4437288328     
   11930.4232283312     
  -2569.59408431069     
  -11128.4919586742     
   6905.34809649870     
   8170.39413959007     
   3100.05741531096     
  -1735.75245987624     
  -177.774081472854     
   998.621506440615     
   2799.65231246360     
   16370.6515788858     
   7246.88434514258     
   13575.5723355189     
   17879.5906190656     
   20423.7785401214     
  -5286.37389718712     
  -9440.80991773212     
  -2670.56474431290     
  -6935.74007007066     
  -7956.55815996081     
  -20488.2004505550     
   5596.51534912320     
  -1846.29214031275     
  -5845.57899625536     
  -5902.40872049685     
  -3483.02944605556     
   537.405733374250     
   796.527276940415     
  -6917.62687038283     
   8451.81408627120     
   10566.6352348863     
   532.402271870603     
  -4769.61288447320     
   2296.38725308239     
   9939.78876110612     
  -16.1273871325575     
  -17734.1441518137     
  -2311.84034214537     
  -17783.1415194731     
   3361.58140825197     
   15608.5978921363     
  -27283.2549588364     
   13446.0051144583     
   31781.8047699319     
  -6462.01464899536     
   362.154151226769     
  -6040.02778139209     
  -14688.4662146006     
   474.600400052446     
  -1288.31193949162     
  -8625.64106082201     
  -7916.19781335047     
  -3769.84041083957     
  -5735.86771530261     
  -9439.79694607540     
   909.802105699427     
  -22388.4764482261     
  -7322.36591657685     
   1467.64680513410     
   11972.1937912498     
  -2878.25794330741     
   9465.98929709965     
   8034.63402144576     
   17924.1826599495     
  -2565.94218039180     
  -5856.64332983744     
  -4389.82171090846     
  -27480.4530918317     
  -22484.4506506275     
  -1627.68049326544     
   6473.79622286467     
  -4387.11039793916     
   694.043026675420     
   13724.8327536908     
   13760.0027428558     
   5605.12262854585     
   1319.66722120465     
  -16811.7707645276     
   7217.98536588724     
   4501.82480353756     
  -11729.1117540550     
   12944.7195359199     
  -6338.19910894146     
  -9663.63927479132     
   14700.7364429501     
  -5556.60255964195     
   9321.06097836711     
   3406.99753529665     
   8482.61190483128     
   894.511634131858     
  -3261.48298830843     
  -2083.28758920373     
  -2849.15544810696     
  -6030.77613600735     
   2451.09929206187     
   514.975765307061     
   1206.67006974981     
   9121.28236652097     
   4193.81846482262     
   9741.16701572853     
   976.224981894642     
  -3062.88133116615     
   10061.7825867120     
   4271.45400001487     
  -13126.8705164250     
  -5329.37600618969     
  -9993.82008797967     
  -20183.2498110636     
   4329.32168965905     
  -3075.05459447008     
  -1026.62354869569     
  -1734.61375339132     
   4251.86744855826     
  -6143.33395493552     
  -7002.96958488953     
   1736.73250048629     
   9014.84241154549     
  -23228.0416313138     
  -3990.52600144793     
   1259.76027284430     
   8714.16300922033     
   1134.59135189922     
  -15890.0705766918     
   4047.22607107405     
  -2949.57101066077     
  -7643.31459038655     
   14164.0026383867     
   13868.8274952132     
  -11040.1699640685     
  -866.809569483699     
  -10274.0729636059     
   337.929391493257     
   369.820896490242     
  -7130.20785560102     
  -34788.7759462899     
  -21750.3699731188     
  -14031.1414022101     
   4803.65443542180     
   5963.70986539333     
  -16956.7457199373     
  -3185.66019938435     
   230.509883818665     
  -2720.68275062764     
   29424.4672432083     
  -4343.50492731836     
   2972.93099610820     
   4624.02281239581     
  -4645.09535367997     
  -14814.2715327546     
  -10335.0928259221     
  -8764.53862062594     
  -4636.66794615951     
   16488.3765319831     
   12166.2888539629     
  -17285.2160828794     
  -1307.21782957290     
   21410.9743386806     
   9386.20059383056     
   12427.9737625536     
   10913.7587047193     
  -9905.83407760496     
  -9679.80382040290     
   2247.99922061820     
   2660.81255533943     
  -5296.17736358514     
  -18134.7041758674     
  -2085.48462337129     
  -448.461485862731     
   8259.58893652060     
  -3473.11494280775     
  -9499.90839857195     
   25420.1564435548     
  -5158.07870729862     
  -3316.32570115190     
   3394.57437678499     
   4815.94120887210     
  -10783.3990092524     
  -14116.6088826374     
   5917.82549974863     
  -8768.02874823017     
  -7506.85915298486     
   3656.34145697546     
   4802.29143929356     
   749.909348774587     
  -33704.5007730420     
  -38203.2441646244     
  -13044.3501274090     
   18712.4296979886     
  -37896.6437780412     
  -13822.6059618565     
   4220.50976878132     
  -3713.16913886648     
  -13322.9993610480     
  -4204.39184916208     
  -344.649919193503     
  -544.540579141971     
   16829.9739768279     
  -7349.05311871209     
  -19453.3655779631     
  -8461.28419416002     
  -1720.71801622239     
  -4624.01846475844     
  -17869.2643663239     
   13097.1109946358     
  -15761.9062473083     
   13192.3145182168     
  -28933.5643773822     
  -25584.4544974964     
  -28645.1739727716     
   9666.89265093946     
  -8306.74584458648     
  -7202.66535133997     
  -2345.76115982805     
   5242.49244706109     
   26287.6072525198     
  -8588.02579122871     
  -8799.32073980862     
   6235.21973895516     
  -338.958583656555     
  -2796.41158370876     
  -124.742656035934     
   19948.0162265104     
  -6434.43294748023     
  -1289.09579564194     
   5220.47004443285     
  -1075.81794065209     
  -33756.4712512443     
  -5958.97761798412     
   3176.40292554453     
  -2538.92063905376     
   17305.0297183761     
  -23135.5302596749     
   22760.7759740638     
  -1635.53141471475     
  -960.536257366927     
  -2703.61631742033     
   36400.8792461697     
   5330.73655817761     
  -3073.68971999206     
  -3626.52760148624     
   7202.74378759449     
   4239.48839928711     
   16975.2932820722     
  -10.1306760634379     
   3393.33197966021     
  -430.277688139685     
   13501.1988109548     
   906.635235812976     
  -3356.95805762846     
   26579.8717407028     
  -5034.73836049511     
  -1017.90064952467     
  -1859.20762820538     
  -28261.8243746941     
   2940.21344875514     
   5691.11347918521     
  -17318.0640140201     
   2193.69475589062     
   4749.95149851059     
   16356.1471664806     
  -4041.60555832699     
   2511.68463190768     
   3501.70723177474     
   8889.62482260020     
   36166.5830166818     
  -10841.3051800791     
   6895.92287545451     
   16477.1626552540     
   11712.1711230347     
   33066.6606817864     
  -6496.87467319397     
  -7276.31707782352     
  -24075.0944081771     
  -4458.64780650027     
   5616.53359623995     
  -8452.57642838921     
  -28184.7893583629     
  -1449.66730490899     
  -12309.4248422246     
  -11444.1504904075     
  -1119.20552741853     
  -17368.3108838819     
   3631.52035305218     
  -30528.4964237110     
   2530.74295528905     
   5258.04804343406     
   7942.25093213911     
   13325.3940580198     
   1579.97462194920     
   14669.3429103722     
   12042.8088948527     
   1459.28820780231     
   2981.57065868399     
  -603.048719493882     
  -17121.7430278966     
  -2400.69988451320     
   39071.2151694188     
   18522.3181423737     
   7914.54684250307     
  -7685.81187043799     
   22478.9049088740     
  -108.408103992224     
  -6664.41316956702     
  -34994.9727120603     
   7231.60797877446     
  -12644.4918881680     
   1164.62461013676     
   18086.5985069968     
   17194.5682783974     
  -3302.17115731152     
  -11636.3610404687     
   458.724652900009     
   9734.58297138386     
   7964.81335362870     
   21903.9651356072     
  -20111.3990135554     
  -815.123457075218     
   8686.18680568806     
  -11324.1682072915     
   1017.28598934558     
   17575.4778424092     
  -21203.6386562509     
   24233.5601605581     
   12209.5453461679     
   14458.6469706906     
   5624.88292771530     
  -1235.26329528329     
   7767.97136623781     
  -20439.9616039438     
  -3445.43558959535     
  -6524.50470572370     
   12875.8028547115     
  -12456.8653432307     
   12127.2846395163     
  -7149.41574308440     
   3874.74338009763     
   12489.2777503449     
  -6942.44598318296     
   9794.24855789147     
  -7236.23455796070     
  -9285.63195532080     
   18368.8600871862     
   448.177210600746     
  -11504.2747533124     
   16392.5616624848     
   5722.42232126964     
  -2935.02623953051     
  -13217.6153068500     
  -9885.79205631666     
  -5618.46038235973     
   4913.62660543701     
   2749.35550593888     
  -6016.73525640437     
  -7753.80297865060     
  -2407.95318538671     
   4476.60614874466     
  -7488.97179721931     
  -4840.94307388811     
   3747.25224065341     
   3374.29852393501     
  -9917.61568813880     
  -21293.8913635839     
  -12623.5283329501     
  -5158.78900152744     
  -10034.2928520614     
   4303.00583541576     
   11513.2875837741     
  -5519.70392206122     
  -6762.05903852541     
   8674.64892346167     
  -4228.03185221362     
   1545.01772624532     
   29863.8624179044     
   20238.8207269178     
   5283.89634150754     
  -26868.7903476657     
  -12337.9564343363     
  -13822.3430000101     
   1062.46581725559     
   22191.7614070699     
  -9928.91829370170     
  -4695.43876967692     
   16244.7980309742     
   11570.7252767933     
   16583.6071715691     
  -16970.9828567450     
  -14405.6143555991     
   7540.93712642632     
   6386.98357781990     
   8433.74262315933     
   3428.37709150223     
   1527.49330696801     
  -10461.0799965208     
   8912.82814453011     
  -3098.02151876938     
  -14132.5644503157     
  -6539.82198763846     
   5416.07579780950     
  -12281.6204582577     
  -8692.77834820846     
   14704.1377123076     
  -6645.12944437766     
   15371.0876002475     
   32731.6631142013     
  -3570.34138225198     
   17938.4606422563     
  -230.159678384601     
  -9205.10232844400     
  -13600.7277007146     
   21597.2670889236     
  -9741.67165756963     
   9524.67484368235     
   25189.7251550337     
   14207.6648802197     
  -15388.1279719552     
  -3353.76681937949     
   1954.24791839823     
  -5044.11108855960     
   2838.33207047329     
   11678.5464008742     
  -3837.72970837191     
  -15451.0837306541     
   4919.18645420932     
   3312.89892941014     
  -329.713495533748     
  -18417.5536441288     
  -4878.17715564346     
   834.296082446890     
  -5860.13569814076     
   19165.2553948893     
  -27899.2008967818     
  -29390.6008154061     
   5342.74236644431     
  -39312.3226749155     
  -15778.0979508350     
  -3187.29121090095     
   9525.16261868650     
   7148.49650882707     
   7396.97499572192     
  -4386.83166093517     
  -12403.8234382482     
  -3828.06141067671     
  -2016.25431826259     
   9169.21617617001     
   3704.15107797602     
  -2856.32518402136     
   8975.88332652344     
   21269.8328275523     
   7137.28864996939     
  -16075.2509362405     
  -16494.9764935630     
   13301.2081940755     
  -5319.82585666324     
  -5657.92585298748     
   7351.32704530400     
   15443.2917301401     
   1858.23697744825     
  -2823.48376359860     
  -6488.78761560533     
  -599.268988156289     
  -13059.5519796095     
  -32949.0652714266     
  -5087.29536430185     
  -11852.3896511550     
  -2776.07310557558     
   1184.66219766582     
  -2311.89864026591     
   20486.5719520928     
   884.404502812820     
  -23320.5031514907     
  -1019.59287532845     
  -13580.4393092335     
  -19893.5210159072     
   889.797029333262     
   4908.23936886508     
  -5787.09263253830     
  -17018.3406870818     
   7861.16087644248     
   18262.7612945598     
   16555.3657366029     
   11540.8147631686     
   2423.73632453578     
  -13111.9372582255     
  -27137.2386739493     
   1089.16698345557     
   391.797301961111     
   12149.1184566975     
  -16042.9178635623     
  -1774.73826065904     
  -430.964345601697     
   5068.36879221409     
   14266.3635598251     
   6316.21411210125     
  -371.959980454261     
   34052.6053509977     
   10624.0517481172     
   3502.70049479765     
   9336.36790889471     
   261.903469932913     
   2518.98031559263     
   33812.7570627232     
   11650.9377551674     
  -7647.54087563423     
  -37935.8483602875     
   3168.66920076094     
  -9537.45642021457     
   13559.3335528353     
  -15141.6716226524     
   8376.06730898884     
  -3128.70784774800     
   2818.40110543182     
  -15408.6799120984     
  -3063.34731505433     
  -5976.40787765470     
  -20721.7643874682     
  -19569.5479639341     
   5438.32592087569     
   29505.9456929387     
   5194.60752775201     
   1429.74919694191     
  -9742.85127249363     
   40969.6931200420     
  -39750.5429901396     
  -7264.23690716943     
   15562.2287749871     
   44743.9363347339     
  -10970.4195526281     
  -15686.9871385035     
  -1857.97782833134     
  -17177.6898438708     
  -10741.1206058798     
  -37964.1486755283     
   23542.6650356905     
   29836.5110398837     
   3265.37979252929     
   19162.3798866063     
  -8369.85814618539     
   16199.0803138221     
  -6327.07237348572     
   17718.3942298916     
  -4430.28660186812     
   4644.84524151995     
   1146.54488355574     
  -37277.3197007006     
  -3175.27314966233     
   6657.78744682550     
   3830.01682943476     
   7145.46634107212     
  -13932.9379460452     
   3756.86513938647     
  -6141.13293841973     
  -30076.6544230677     
   1378.41255945997     
  -9061.94333732353     
  -2789.16789093709     
   9496.20022476172     
  -2383.55336845353     
  -10145.3553936592     
  -6944.89018776532     
  -634.245268879024     
   25349.7946299833     
  -7429.00980373186     
  -3687.80767029789     
   2877.22785991689     
   29985.2157869106     
   8736.08332948398     
   14114.8118311920     
  -10521.9857098488     
   5550.08350236687     
  -10862.0600983502     
  -4353.19795290307     
   22461.4339718615     
   17952.4161538085     
  -12211.4151626336     
   12229.2743439551     
  -7868.43836102460     
   17259.2761302614     
  -4110.95399421110     
   12887.7212371192     
  -7784.10664255546     
  -21381.8558523561     
   3677.29133039121     
   14745.4278367354     
  -16263.3244256503     
   18109.0421568536     
   6466.01062628338     
  -19776.5406168205     
   2069.72609612781     
   9264.01294161028     
   3438.59110269215     
  -2538.19571338169     
  -6738.22656491647     
   11981.8439665199     
   2721.19696260919     
  -24606.4787090945     
  -4096.27340485256     
  -20136.5794327374     
  -2246.92689730118     
  -7848.91704360717     
   23101.8505458309     
   11110.4674107142     
   19578.8704041847     
   10350.7255924270     
   7611.38708904316     
  -3827.86653022431     
  -10693.0307748926     
   7043.02376505521     
   1477.59938840467     
  -7327.54856383312     
  -23211.7531706001     
   432.564495947759     
  -7320.90409557392     
   4995.89672433577     
   11166.5541685969     
  -10769.0012293318     
  -11457.6978981897     
  -1963.24712942719     
  -1389.65314186003     
   6774.08243175244     
  -4776.04885894363     
  -771.970389567633     
  -8537.59431286844     
  -123.216843031035     
   120.120428932052     
  -6623.00456324892     
   1851.24770466575     
   1043.80627669666     
   1439.69388861289     
  -426.676847189910     
  -2586.73945244148     
   438.438844161384     
  -27528.5361468330     
  -31171.9096181270     
   37301.0699641984     
   17093.8594546049     
   2358.11478715595     
   296.059151356345     
   12704.6220693056     
  -9792.55702542632     
   3920.11584585193     
   10192.6437092339     
  -8883.73673428534     
  -5381.82628174386     
   7846.39405297480     
   17459.1733670032     
  -1589.46702518820     
  -2072.16041950373     
  -2618.45500121457     
   672.132374258548     
   2171.48874347578     
  -564.260087728382     
   584.629406542069     
   452.093114075429     
  -3259.64308595306     
  -2518.87456131477     
  -2.75983514640615     
   1200.14966639384     
   11591.3506687298     
  -4543.47336443439     
   474.343371225718     
  -11231.1166176928     
  -4775.70718928447     
  -10193.7711414230     
   2544.14788836808     
  -4259.46138088334     
   24305.4302118149     
   253.985219002072     
   970.084938103631     
  -3701.35009586841     
  -10186.0507045883     
  -1001.39576471023     
   2299.19102686395     
   6879.06466172545     
   36.8808418256526     
   1086.87705717347     
   3638.12936751725     
  -4927.76304675849     
  -3390.84137379381     
   137.042377456550     
   2712.86159442338     
  -1291.66810683999     
   46.6302420569116     
   13228.0803907334     
  -11750.0836858058     
   624.997068594194     
   1360.48697378336     
  -3375.18076057162     
  -17880.0104205745     
  -1260.80827237649     
  -11487.3895923394     
  -5540.73991809628     
  -10141.8321867670     
   1514.59599438428     
   12924.9278667760     
   6678.44075697859     
   3492.99526524484     
   12164.5898963923     
  -1538.26999197617     
   2108.86263283625     
  -2290.32993131504     
  -1584.25581121487     
  -567.922901510786     
  -3989.55283504893     
  -2236.80204759840     
   836.389992602369     
   1515.08819995415     
  -7936.88280038508     
  -3419.31179460587     
  -10039.5232782725     
  -214.963866702319     
  -493.218792933187     
   8081.41555126983     
   3540.25696804410     
  -3828.51654087626     
   3914.10771573891     
   1638.47515773970     
   3083.69275714039     
  -4231.76130978767     
  -1694.96570030982     
  -2443.08199076655     
   13310.3314136131     
  -3261.23170572981     
   1087.78121336685     
  -347.213345268222     
  -1294.91117332099     
  -5424.18957761317     
  -405.557089124343     
  -7361.10580115540     
   775.737075432626     
  -513.093457378638     
   2763.80279890967     
   589.252022962550     
  -168.235112277535     
  -726.739599095461     
   1000.70385762258     
  -3302.53259343959     
  -2214.06786451890     
   823.704992915404     
   878.171464874606     
   212.498119607079     
  -1568.40612607496     
   25345.3698503926     
   4906.59718690396     
  -6238.53174976474     
   2498.44723252803     
   4688.18779632316     
  -7068.56628243680     
  -21356.3955448956     
  -1752.55643399169     
  -2616.44105962002     
  -9081.57454517854     
   4923.01906064152     
  -6818.27568623571     
  -9272.06664836943     
  -8282.43454802607     
   4500.74089594431     
   732.459327729652     
  -7626.03219231525     
   1082.55228979524     
  -710.838461318532     
   4431.20158870015     
   2413.74224208801     
  -689.479312409293     
  -4727.64186600073     
  -2068.68597239491     
  -8012.35212234637     
   2755.30340859802     
   1921.04410769003     
   48.9788933411510     
  -4238.29082731744     
  -4478.33707262412     
  -4064.37490659914     
   1407.28077010943     
   3256.58423241796     
  -399.937033834228     
  -601.854418097927     
   2583.72384988814     
  -6959.16083734374     
  -752.119677054128     
  -5739.24741112120     
  -2886.55794177025     
   381.503537099675     
  -2861.22176798533     
   907.145685137909     
   3712.16703671749     
  -1976.47503036955     
   195.448538104014     
  -4662.78344011016     
  -3128.04994420143     
   1547.18417771974     
   654.806391615004     
   4789.48991277866     
   9693.29733940333     
  -2098.50974138441     
   1368.70352328007     
   856.105166280461     
   3532.52290248031     
  -4698.31638953178     
  -901.087288728300     
  -508.212999917415     
   1266.80044125967     
   3257.51846054241     
   21390.7682957917     
   1913.16011250069     
   11580.5293861070     
   4095.47488729548     
  -3521.55352393729     
  -555.751165469520     
  -1533.72710790496     
  -6643.92789423638     
   17778.5898806290     
   13680.5501496795     
  -6341.99066309706     
   5458.03891487516     
   2446.37890975228     
  -3010.61130227516     
  -3099.23835518181     
   8356.30188348575     
   1.67439417131504     
  -567.051854799871     
  -5196.42499449074     
  -1582.94225427039     
   1363.77659855216     
   3555.20337776364     
   708.087315120715     
   1225.83153939478     
   323.412079375405     
  -1591.49361401390     
  -6.79068902506731     
  -2090.39499773149     
  -7148.60627889648     
   3128.61260059885     
   2159.60063076493     
   3151.77417491021     
  -994.154498186291     
   1572.02059162404     
   1395.22983140254     
  -936.830012243067     
  -8191.64431866768     
  -4169.27869679048     
   2415.32942033817     
   832.331832148289     
   6803.58281951276     
   1242.80708343742     
   11791.1229771512     
   4032.96974608077     
  -2358.71405182389     
  -226.682308367011     
   4647.49181934587     
  -5488.27494033186     
  -1084.10148083607     
  -2455.35455474737     
  -8280.25744506792     
  -17818.4747013255     
  -27756.1024477771     
   7513.90811113275     
  -27751.5701793026     
   7684.87972071864     
   1249.25573968302     
   8273.28420647449     
   3343.45928266742     
   1080.30643894049     
   2378.70765218524     
   4658.67496210116     
  -876.535205939026     
  -1051.69773372449     
  -22563.7379035645     
  -15639.3246545985     
  -4389.13615715223     
  -1050.09557422918     
   2785.66187551196     
   13987.9338382151     
  -10381.4407437506     
   2488.96677358649     
   3053.31135003188     
   2028.46889316602     
   12984.9230028372     
   2419.14755680178     
   17049.7588707717     
  -2550.46171539664     
   3096.04068866666     
   5925.95807015374     
  -3707.66109417948     
  -5123.27060862118     
  -4424.23307473323     
   10945.5720039877     
   1009.40136690314     
  -1114.94116136174     
  -5034.06156289434     
  -11998.6341332942     
  -5305.66867692491     
   5084.15775357938     
   9357.14466415437     
   9933.00962790741     
  -16805.6094505368     
   4683.56369953156     
  -1528.90660516386     
  -1350.65023813161     
  -981.520965039518     
   6880.32672677500     
  -1621.98654629238     
   3066.90347773009     
   944.958136212202     
  -1194.40356876919     
  -886.025529464766     
   1281.66472892066     
  -5972.69869537272     
   5444.12879283488     
  -245.323367590091     
  -2327.84134096648     
   1588.96165655709     
  -3085.25912169640     
  -2293.32835128595     
   215.193052725282     
  -97.6507271779137     
   4230.34385247328     
  -1772.96382408913     
   4285.88472056992     
  -2193.18417514484     
   484.454521684092     
  -205.895705749498     
  -15723.8686430228     
   4628.63035048495     
   325.820737713174     
   514.586084066448     
   2724.51980800451     
   2618.13762188171     
  -3917.59246877140     
  -3984.75429360739     
  -14274.1773525525     
  -4605.85645819213     
  -2664.76419545506     
  -3709.68970323705     
   6149.32559218171     
   4158.89705029078     
   695.427785897347     
  -2905.48787820429     
   17636.7040173240     
  -2669.73324562210     
  -1326.40188086145     
  -4716.05024993624     
   131.617393741823     
  -3616.49928721713     
  -2724.08972036921     
   5326.71456348950     
  -7288.96499942385     
   11222.9407181802     
  -2981.37365374329     
   11216.9939166588     
   1232.02875379451     
  -3895.89959892027     
   3487.10062118581     
   29074.0622084814     
  -678.115458483044     
   1775.15240615197     
   1949.23310836207     
  -2888.20565787758     
   3319.07002567972     
  -5063.57379388134     
   4021.11862550038     
   28953.4265042631     
  -44548.3740087690     
   9842.85645534626     
   22439.8634290616     
  -7446.16700029866     
   21545.1668730355     
   10146.5308373207     
  -17721.2019786599     
   258.698632469271     
  -9637.00008175525     
   2435.28853501426     
   2660.55992658700     
  -7821.20655036133     
   23625.7388710608     
  -11629.5849469851     
  -12735.2552600948     
   3086.12993988120     
  -2631.27404550458     
   1171.49455473974     
   12919.6977888398     
  -8613.50128392882     
   17.8875213352924     
   12607.3498254523     
   9278.30472689378     
   3095.39640431410     
  -975.725998943468     
  -20336.1161097908     
  -8484.13371357806     
  -4751.94916505713     
   6078.07284465048     
   5170.32040221940     
  -979.836245595829     
   10742.9990408312     
   7243.98029169161     
   25726.2714366380     
  -4407.46798501743     
  -9135.86728482293     
  -17169.8331243292     
   23007.1803777596     
   7985.64249697716     
   10051.1246412679     
   9183.81417036532     
  -4198.11662705645     
   8359.32462263267     
  -10643.6091610849     
   5388.02195972526     
   1432.76741768209     
   2057.03850793023     
   5337.22291186562     
   21456.8980164360     
   4280.18793110306     
   2786.22114129342     
  -3150.48519985173     
   1044.46416901016     
  -8902.09389474207     
  -993.684744116036     
   37901.1552881724     
  -25856.9899034689     
   3204.91903205494     
   2163.40669764119     
  -752.643210775052     
  -2207.48180538587     
  -965.763772165748     
   3774.89287252275     
   19768.1337800975     
   20048.7772869733     
  -2941.94852887661     
   2439.09264341985     
  -7527.25904638577     
  -340.195577864764     
   21841.4831453260     
   8564.90075526122     
  -3979.13937410191     
  -7949.43260572548     
   9534.81121770376     
   10393.7958306544     
  -9104.70127519398     
   3204.26589047061     
   7453.39632165109     
   4416.22564238962     
  -3338.26126245197     
   2166.85840047365     
   8308.27426221638     
   3754.59020944091     
   7042.05491257473     
  -6320.50438414258     
   2511.14277066018     
   685.438197914831     
  -23058.2653137648     
   4027.80625828288     
  -2423.78923312206     
   6804.65273831920     
   345.930457236783     
   2952.61653926886     
  -1463.69789844486     
   1455.23080442928     
   1937.22708882459     
   1238.18344546958     
  -13816.2451892003     
  -4889.83494001177     
   895.480949033728     
  -48164.4777745416     
  -10408.8449842170     
   5755.38405593936     
   1803.10039518144     
  -1130.68252440908     
  -7160.95308226254     
   26836.3045874460     
  -4693.27601699690     
   32987.1547241784     
   8879.80916575954     
  -336.575770977021     
  -5840.31163021645     
  -6126.57937845949     
  -30937.4571244288     
  -9928.50447123486     
   16651.3888013299     
  -5414.13692195279     
  -17375.9257631386     
   7542.00890576396     
   14621.0837318839     
   2749.10706682938     
   19380.4608703863     
   2715.29111467934     
   4238.54347394004     
  -3356.21537546320     
   11420.5735715131     
  -5743.35109290234     
  -1332.76555202086     
  -5682.69355107761     
  -10662.6204887430     
   6331.81782046091     
  -9666.86921465051     
   4351.85449176393     
  -183.077369256656     
   6420.88752403806     
   16629.5643379391     
   14914.8611326922     
   7063.68543269596     
   16414.2062856622     
   16790.3580739984     
  -1347.89239082590     
   2325.02597811981     
  -6573.07128917105     
  -6862.03973347323     
  -1776.04706325064     
  -334.192812958172     
  -45.3915193287075     
  -30380.4530183617     
  -4475.40796245197     
  -90.3891016579400     
  -371.766991857631     
   14248.1774755882     
   270.518521178870     
   11846.9228446831     
  -5282.80185983647     
   5880.71644264554     
  -5289.55377198004     
   10404.5921743375     
  -23625.8444449828     
   11866.7036393420     
  -3276.18624449570     
   6118.35045896737     
   16039.7405132300     
  -12527.1285006387     
   1770.33840616670     
  -13202.5092819349     
  -12809.0491295970     
   1462.39976439243     
  -27503.3833716117     
   36012.1709333125     
   26343.0086789547     
  -25819.7720301224     
   13068.7788631047     
  -9180.63251182773     
  -4578.17739869914     
   18219.4756331123     
  -6687.04170436987     
  -2132.68703145129     
  -2758.48816362859     
   12595.9405666440     
   3151.92938242359     
  -5258.31787683958     
   21833.4975950402     
   19325.8631728937     
  -19455.8576074408     
  -25509.1727068210     
  -23094.9876914477     
  -5954.21014679627     
  -9758.82334141720     
   5328.51717190863     
  -4264.09043642083     
   9120.13787631233     
  -3532.21591349863     
   10373.1738769364     
  -71.9587754998211     
  -8019.52299504218     
   19771.9660885553     
  -12036.5975485007     
   2209.29407648948     
   12712.4605190513     
   8076.00208327785     
   18013.6567930263     
  -2083.23409086527     
  -1777.75225441733     
   4019.12204159521     
  -5603.80333914655     
  -12794.3433868348     
   7498.76557437859     
  -6898.08199096714     
  -23884.9606518478     
  -1845.40775238550     
   88.2511440558656     
  -4669.13185581831     
   12103.9354984735     
   46.9939449582571     
   4936.61176403185     
   51290.2318650361     
  -7696.39484972041     
  -5231.54660282906     
   8734.96274218500     
   4670.13752344847     
   3429.15186109452     
  -16388.9723462169     
  -3133.33464313697     
   3554.21697428893     
  -4165.06994393112     
   8346.36960658052     
   16576.6641418989     
   28303.0849618000     
  -31593.7110742972     
   15186.7178469186     
   18794.3705261494     
  -16321.8243945724     
   37012.2700597577     
  -1521.43865433547     
   92.4782441181305     
   9722.32117426612     
   40638.3270100189     
   3340.32084753868     
  -1687.70873779503     
  -11792.7821827521     
  -12175.2270708341     
  -10211.3204928248     
  -5015.57897150462     
  -6514.43707137509     
  -4436.29091165569     
  -4632.82060981021     
  -178.252828825866     
   7483.12952015611     
   10361.0392014840     
   1536.61549353798     
  -11053.3425902081     
   1012.61729588323     
  -3250.05545349122     
  -385.676892236259     
   7857.31186931481     
  -3163.07923555221     
   599.342852749726     
  -1160.97622848073     
   372.230558953830     
   353.532605093580     
  -1101.16345299229     
  -223.249339905633     
   761.782486591684     
   3702.35859699226     
  -3434.17580816121     
   10757.2763321320     
   1013.55262060407     
   1226.09585362627     
   897.576511017008     
  -10368.9805284897     
  -3633.20849057744     
   1347.04557722294     
   688.596548523823     
   368.418852687465     
   1617.68942723594     
  -5466.03072982979     
  -1601.34829308850     
   2480.87288621948     
  -5527.91531271724     
   1064.56482975901     
   6252.29107657079     
   62.9800149683697     
   4631.78462714063     
  -2187.96434890723     
   1380.52169579123     
  -4373.52523344114     
  -2471.92266755632     
   1106.98667618267     
  -2745.66662533204     
   287.060473588357     
   133.644793214811     
   3089.20078160220     
   1022.23280007378     
  -1199.76474433873     
   708.061206479348     
   1723.17810771035     
  -1651.68449633805     
   2230.12479614470     
  -13163.5884455886     
  -2093.61181972432     
  -677.614698103056     
  -1828.73945952356     
  -2848.70733339979     
   20377.2031816891     
  -1189.93903554872     
  -655.310214374498     
  -1048.55577483487     
  -2706.13200401759     
  -4817.58153319477     
   12633.8993530210     
   707.564989465576     
   4942.60805985257     
   4116.45554993788     
   4008.42556354516     
   4220.87762281523     
   1822.91226224632     
  -14330.4698081219     
  -33407.1035985586     
  -18983.5979721313     
  -18907.5509906358     
   5230.10599557493     
  -15391.8214300977     
  -4379.57029283188     
   5733.89835829556     
   24480.8533256512     
   27505.6047168000     
  -33982.2983729476     
   18472.0667277919     
  -10277.0787001580     
  -9620.26517130465     
  -5012.46334686061     
  -9541.37278600714     
  -17248.7321724581     
   6689.27635978882     
  -5671.71814826620     
   367.583719388583     
   695.022132739625     
   26280.1480057534     
